assessment_id,customer_id,loan_id,assessment_date,risk_score,probability_of_default,risk_category,model_version
RISK0000001,CUST0000112,LOAN0000001,2026-03-09,761,0.0171,LOW,synthetic-pd-v1.0
RISK0000002,CUST0000552,LOAN0000002,2023-09-01,505,0.823,HIGH,synthetic-pd-v1.0
RISK0000003,CUST0000556,LOAN0000003,2025-02-11,725,0.0366,LOW,synthetic-pd-v1.0
RISK0000004,CUST0000293,LOAN0000004,2023-06-10,695,0.0683,LOW,synthetic-pd-v1.0
RISK0000005,CUST0000678,LOAN0000005,2025-03-30,643,0.1836,MEDIUM,synthetic-pd-v1.0
RISK0000006,CUST0000969,LOAN0000006,2026-06-22,656,0.146,MEDIUM,synthetic-pd-v1.0
RISK0000007,CUST0000718,LOAN0000007,2025-01-09,702,0.0595,LOW,synthetic-pd-v1.0
RISK0000008,CUST0000974,LOAN0000008,2024-05-07,476,0.8971,HIGH,synthetic-pd-v1.0
RISK0000009,CUST0000316,LOAN0000009,2023-06-04,706,0.0547,LOW,synthetic-pd-v1.0
RISK0000010,CUST0000577,LOAN0000010,2023-01-11,621,0.2699,MEDIUM,synthetic-pd-v1.0
RISK0000011,CUST0000175,LOAN0000011,2026-06-28,702,0.0594,LOW,synthetic-pd-v1.0
RISK0000012,CUST0000725,LOAN0000012,2022-03-22,668,0.1151,MEDIUM,synthetic-pd-v1.0
RISK0000013,CUST0000091,LOAN0000013,2024-08-31,706,0.0541,LOW,synthetic-pd-v1.0
RISK0000014,CUST0000247,LOAN0000014,2026-08-27,677,0.0977,MEDIUM,synthetic-pd-v1.0
RISK0000015,CUST0000311,LOAN0000015,2025-10-03,717,0.043,LOW,synthetic-pd-v1.0
RISK0000016,CUST0000359,LOAN0000016,2024-03-12,689,0.0773,LOW,synthetic-pd-v1.0
RISK0000017,CUST0000733,LOAN0000017,2022-02-18,793,0.0086,LOW,synthetic-pd-v1.0
RISK0000018,CUST0000266,LOAN0000018,2026-05-08,721,0.0399,LOW,synthetic-pd-v1.0
RISK0000019,CUST0000441,LOAN0000019,2022-01-26,700,0.0611,LOW,synthetic-pd-v1.0
RISK0000020,CUST0000574,LOAN0000020,2024-04-25,779,0.0116,LOW,synthetic-pd-v1.0
RISK0000021,CUST0000826,LOAN0000021,2024-04-18,646,0.1757,MEDIUM,synthetic-pd-v1.0
RISK0000022,CUST0000637,LOAN0000022,2021-12-23,685,0.0839,LOW,synthetic-pd-v1.0
RISK0000023,CUST0000556,LOAN0000023,2025-01-21,771,0.0136,LOW,synthetic-pd-v1.0
RISK0000024,CUST0000510,LOAN0000024,2025-12-27,741,0.0261,LOW,synthetic-pd-v1.0
RISK0000025,CUST0000636,LOAN0000025,2025-02-28,569,0.534,HIGH,synthetic-pd-v1.0
RISK0000026,CUST0000233,LOAN0000026,2023-06-15,665,0.1229,MEDIUM,synthetic-pd-v1.0
RISK0000027,CUST0000457,LOAN0000027,2021-11-20,708,0.0522,LOW,synthetic-pd-v1.0
RISK0000028,CUST0000016,LOAN0000028,2022-10-20,796,0.0079,LOW,synthetic-pd-v1.0
RISK0000029,CUST0000434,LOAN0000029,2025-04-15,580,0.4711,HIGH,synthetic-pd-v1.0
RISK0000030,CUST0000694,LOAN0000030,2025-07-05,577,0.4899,HIGH,synthetic-pd-v1.0
RISK0000031,CUST0000787,LOAN0000031,2022-03-18,681,0.0893,MEDIUM,synthetic-pd-v1.0
RISK0000032,CUST0000569,LOAN0000032,2025-01-14,736,0.0287,LOW,synthetic-pd-v1.0
RISK0000033,CUST0000373,LOAN0000033,2023-02-18,615,0.2956,MEDIUM,synthetic-pd-v1.0
RISK0000034,CUST0000621,LOAN0000034,2022-01-10,711,0.0494,LOW,synthetic-pd-v1.0
RISK0000035,CUST0000788,LOAN0000035,2022-07-04,556,0.6045,HIGH,synthetic-pd-v1.0
RISK0000036,CUST0000435,LOAN0000036,2026-04-07,575,0.4986,HIGH,synthetic-pd-v1.0
RISK0000037,CUST0000595,LOAN0000037,2025-12-07,604,0.3459,HIGH,synthetic-pd-v1.0
RISK0000038,CUST0000515,LOAN0000038,2025-08-15,699,0.0628,LOW,synthetic-pd-v1.0
RISK0000039,CUST0000941,LOAN0000039,2023-03-26,703,0.0574,LOW,synthetic-pd-v1.0
RISK0000040,CUST0000456,LOAN0000040,2026-04-10,728,0.0342,LOW,synthetic-pd-v1.0
RISK0000041,CUST0000778,LOAN0000041,2023-05-10,744,0.0243,LOW,synthetic-pd-v1.0
RISK0000042,CUST0000954,LOAN0000042,2023-05-19,666,0.121,MEDIUM,synthetic-pd-v1.0
RISK0000043,CUST0000911,LOAN0000043,2024-09-04,733,0.0308,LOW,synthetic-pd-v1.0
RISK0000044,CUST0000363,LOAN0000044,2023-02-02,747,0.0231,LOW,synthetic-pd-v1.0
RISK0000045,CUST0000566,LOAN0000045,2024-12-10,608,0.3292,HIGH,synthetic-pd-v1.0
RISK0000046,CUST0000361,LOAN0000046,2022-10-16,654,0.1517,MEDIUM,synthetic-pd-v1.0
RISK0000047,CUST0000212,LOAN0000047,2022-04-15,604,0.3479,HIGH,synthetic-pd-v1.0
RISK0000048,CUST0000676,LOAN0000048,2026-03-16,578,0.4819,HIGH,synthetic-pd-v1.0
RISK0000049,CUST0000064,LOAN0000049,2026-07-05,652,0.158,MEDIUM,synthetic-pd-v1.0
RISK0000050,CUST0000550,LOAN0000050,2026-02-09,740,0.0268,LOW,synthetic-pd-v1.0
RISK0000051,CUST0000838,LOAN0000051,2022-04-23,770,0.0139,LOW,synthetic-pd-v1.0
RISK0000052,CUST0000697,LOAN0000052,2021-10-23,640,0.1964,MEDIUM,synthetic-pd-v1.0
RISK0000053,CUST0000300,LOAN0000053,2025-09-22,669,0.1147,MEDIUM,synthetic-pd-v1.0
RISK0000054,CUST0000039,LOAN0000054,2025-09-24,624,0.2539,MEDIUM,synthetic-pd-v1.0
RISK0000055,CUST0000726,LOAN0000055,2022-02-24,718,0.0426,LOW,synthetic-pd-v1.0
RISK0000056,CUST0000793,LOAN0000056,2024-06-18,567,0.5422,HIGH,synthetic-pd-v1.0
RISK0000057,CUST0000816,LOAN0000057,2023-03-24,734,0.0302,LOW,synthetic-pd-v1.0
RISK0000058,CUST0000978,LOAN0000058,2022-06-17,716,0.0443,LOW,synthetic-pd-v1.0
RISK0000059,CUST0000961,LOAN0000059,2022-09-23,707,0.0528,LOW,synthetic-pd-v1.0
RISK0000060,CUST0000626,LOAN0000060,2025-06-02,640,0.196,MEDIUM,synthetic-pd-v1.0
RISK0000061,CUST0000973,LOAN0000061,2026-01-22,772,0.0134,LOW,synthetic-pd-v1.0
RISK0000062,CUST0000397,LOAN0000062,2024-01-30,657,0.1437,MEDIUM,synthetic-pd-v1.0
RISK0000063,CUST0000024,LOAN0000063,2024-08-17,740,0.0265,LOW,synthetic-pd-v1.0
RISK0000064,CUST0000818,LOAN0000064,2023-10-06,759,0.0179,LOW,synthetic-pd-v1.0
RISK0000065,CUST0000934,LOAN0000065,2025-08-12,636,0.2101,MEDIUM,synthetic-pd-v1.0
RISK0000066,CUST0000604,LOAN0000066,2023-01-14,821,0.0046,LOW,synthetic-pd-v1.0
RISK0000067,CUST0000465,LOAN0000067,2025-12-04,732,0.0316,LOW,synthetic-pd-v1.0
RISK0000068,CUST0000510,LOAN0000068,2022-04-12,746,0.0233,LOW,synthetic-pd-v1.0
RISK0000069,CUST0000061,LOAN0000069,2025-04-02,605,0.3415,HIGH,synthetic-pd-v1.0
RISK0000070,CUST0000916,LOAN0000070,2024-01-21,687,0.0798,LOW,synthetic-pd-v1.0
RISK0000071,CUST0000250,LOAN0000071,2022-03-23,595,0.3926,HIGH,synthetic-pd-v1.0
RISK0000072,CUST0000349,LOAN0000072,2022-08-05,743,0.0252,LOW,synthetic-pd-v1.0
RISK0000073,CUST0000266,LOAN0000073,2022-12-05,708,0.0525,LOW,synthetic-pd-v1.0
RISK0000074,CUST0000096,LOAN0000074,2024-03-07,806,0.0064,LOW,synthetic-pd-v1.0
RISK0000075,CUST0000330,LOAN0000075,2024-09-29,654,0.1503,MEDIUM,synthetic-pd-v1.0
RISK0000076,CUST0000869,LOAN0000076,2024-02-26,717,0.0434,LOW,synthetic-pd-v1.0
RISK0000077,CUST0000473,LOAN0000077,2025-08-20,717,0.0428,LOW,synthetic-pd-v1.0
RISK0000078,CUST0000726,LOAN0000078,2022-12-20,716,0.044,LOW,synthetic-pd-v1.0
RISK0000079,CUST0000763,LOAN0000079,2026-07-02,787,0.0097,LOW,synthetic-pd-v1.0
RISK0000080,CUST0000004,LOAN0000080,2023-03-16,643,0.1833,MEDIUM,synthetic-pd-v1.0
RISK0000081,CUST0000682,LOAN0000081,2022-05-17,642,0.1888,MEDIUM,synthetic-pd-v1.0
RISK0000082,CUST0000198,LOAN0000082,2026-03-01,614,0.2986,MEDIUM,synthetic-pd-v1.0
RISK0000083,CUST0000233,LOAN0000083,2026-05-22,685,0.0835,LOW,synthetic-pd-v1.0
RISK0000084,CUST0000835,LOAN0000084,2024-05-30,771,0.0137,LOW,synthetic-pd-v1.0
RISK0000085,CUST0000020,LOAN0000085,2023-03-08,670,0.1126,MEDIUM,synthetic-pd-v1.0
RISK0000086,CUST0000622,LOAN0000086,2026-02-11,716,0.0442,LOW,synthetic-pd-v1.0
RISK0000087,CUST0000889,LOAN0000087,2024-02-01,615,0.2968,MEDIUM,synthetic-pd-v1.0
RISK0000088,CUST0000710,LOAN0000088,2023-07-20,608,0.3293,HIGH,synthetic-pd-v1.0
RISK0000089,CUST0000928,LOAN0000089,2024-02-16,754,0.0199,LOW,synthetic-pd-v1.0
RISK0000090,CUST0000721,LOAN0000090,2022-05-18,584,0.4529,HIGH,synthetic-pd-v1.0
RISK0000091,CUST0000953,LOAN0000091,2024-02-12,732,0.0317,LOW,synthetic-pd-v1.0
RISK0000092,CUST0000314,LOAN0000092,2022-05-29,770,0.0141,LOW,synthetic-pd-v1.0
RISK0000093,CUST0000513,LOAN0000093,2026-09-03,623,0.2598,MEDIUM,synthetic-pd-v1.0
RISK0000094,CUST0000345,LOAN0000094,2022-05-01,755,0.0194,LOW,synthetic-pd-v1.0
RISK0000095,CUST0000488,LOAN0000095,2025-12-05,606,0.3376,HIGH,synthetic-pd-v1.0
RISK0000096,CUST0000078,LOAN0000096,2022-08-26,672,0.108,MEDIUM,synthetic-pd-v1.0
RISK0000097,CUST0000674,LOAN0000097,2025-06-10,731,0.0325,LOW,synthetic-pd-v1.0
RISK0000098,CUST0000913,LOAN0000098,2024-05-26,632,0.2249,MEDIUM,synthetic-pd-v1.0
RISK0000099,CUST0000232,LOAN0000099,2023-03-13,757,0.0186,LOW,synthetic-pd-v1.0
RISK0000100,CUST0000084,LOAN0000100,2022-02-19,710,0.0504,LOW,synthetic-pd-v1.0
RISK0000101,CUST0000422,LOAN0000101,2025-09-13,679,0.0937,LOW,synthetic-pd-v1.0
RISK0000102,CUST0000551,LOAN0000102,2021-10-17,734,0.0301,LOW,synthetic-pd-v1.0
RISK0000103,CUST0000671,LOAN0000103,2024-01-28,697,0.0653,LOW,synthetic-pd-v1.0
RISK0000104,CUST0000488,LOAN0000104,2023-09-25,626,0.2484,MEDIUM,synthetic-pd-v1.0
RISK0000105,CUST0000330,LOAN0000105,2025-06-24,641,0.1923,MEDIUM,synthetic-pd-v1.0
RISK0000106,CUST0000453,LOAN0000106,2026-03-10,682,0.0876,LOW,synthetic-pd-v1.0
RISK0000107,CUST0000522,LOAN0000107,2026-03-01,750,0.0215,LOW,synthetic-pd-v1.0
RISK0000108,CUST0000303,LOAN0000108,2024-05-28,661,0.1318,MEDIUM,synthetic-pd-v1.0
RISK0000109,CUST0000993,LOAN0000109,2024-12-09,772,0.0135,LOW,synthetic-pd-v1.0
RISK0000110,CUST0000466,LOAN0000110,2023-08-22,696,0.0664,LOW,synthetic-pd-v1.0
RISK0000111,CUST0000196,LOAN0000111,2023-10-06,694,0.0693,LOW,synthetic-pd-v1.0
RISK0000112,CUST0000398,LOAN0000112,2024-09-28,509,0.8087,HIGH,synthetic-pd-v1.0
RISK0000113,CUST0000804,LOAN0000113,2024-01-24,510,0.8035,HIGH,synthetic-pd-v1.0
RISK0000114,CUST0000879,LOAN0000114,2024-06-21,599,0.3745,HIGH,synthetic-pd-v1.0
RISK0000115,CUST0000780,LOAN0000115,2023-08-11,710,0.0503,LOW,synthetic-pd-v1.0
RISK0000116,CUST0000269,LOAN0000116,2025-10-27,707,0.053,LOW,synthetic-pd-v1.0
RISK0000117,CUST0000975,LOAN0000117,2024-05-28,751,0.0209,LOW,synthetic-pd-v1.0
RISK0000118,CUST0000545,LOAN0000118,2024-02-05,654,0.152,MEDIUM,synthetic-pd-v1.0
RISK0000119,CUST0000188,LOAN0000119,2022-01-14,711,0.049,LOW,synthetic-pd-v1.0
RISK0000120,CUST0000484,LOAN0000120,2022-10-11,684,0.0841,LOW,synthetic-pd-v1.0
RISK0000121,CUST0000032,LOAN0000121,2022-05-12,720,0.0407,LOW,synthetic-pd-v1.0
RISK0000122,CUST0000253,LOAN0000122,2022-04-01,738,0.0278,LOW,synthetic-pd-v1.0
RISK0000123,CUST0000662,LOAN0000123,2025-03-21,756,0.0187,LOW,synthetic-pd-v1.0
RISK0000124,CUST0000801,LOAN0000124,2022-06-24,609,0.323,HIGH,synthetic-pd-v1.0
RISK0000125,CUST0000580,LOAN0000125,2025-01-07,659,0.1387,MEDIUM,synthetic-pd-v1.0
RISK0000126,CUST0000058,LOAN0000126,2023-10-09,684,0.0849,LOW,synthetic-pd-v1.0
RISK0000127,CUST0000994,LOAN0000127,2026-03-12,544,0.6648,HIGH,synthetic-pd-v1.0
RISK0000128,CUST0000660,LOAN0000128,2026-04-23,661,0.1337,MEDIUM,synthetic-pd-v1.0
RISK0000129,CUST0000236,LOAN0000129,2022-09-08,733,0.0311,LOW,synthetic-pd-v1.0
RISK0000130,CUST0000431,LOAN0000130,2025-12-29,665,0.123,MEDIUM,synthetic-pd-v1.0
RISK0000131,CUST0000115,LOAN0000131,2023-02-02,781,0.0112,LOW,synthetic-pd-v1.0
RISK0000132,CUST0000669,LOAN0000132,2024-02-15,704,0.0564,LOW,synthetic-pd-v1.0
RISK0000133,CUST0000758,LOAN0000133,2024-06-15,514,0.7895,HIGH,synthetic-pd-v1.0
RISK0000134,CUST0000241,LOAN0000134,2024-08-04,729,0.0335,LOW,synthetic-pd-v1.0
RISK0000135,CUST0000757,LOAN0000135,2025-07-12,783,0.0105,LOW,synthetic-pd-v1.0
RISK0000136,CUST0000678,LOAN0000136,2022-03-12,627,0.242,MEDIUM,synthetic-pd-v1.0
RISK0000137,CUST0000463,LOAN0000137,2025-08-19,700,0.0609,LOW,synthetic-pd-v1.0
RISK0000138,CUST0000052,LOAN0000138,2023-07-03,716,0.0444,LOW,synthetic-pd-v1.0
RISK0000139,CUST0000859,LOAN0000139,2023-11-07,649,0.1652,MEDIUM,synthetic-pd-v1.0
RISK0000140,CUST0000221,LOAN0000140,2023-08-23,699,0.063,LOW,synthetic-pd-v1.0
RISK0000141,CUST0000292,LOAN0000141,2025-10-17,641,0.1909,MEDIUM,synthetic-pd-v1.0
RISK0000142,CUST0000897,LOAN0000142,2024-01-17,662,0.1294,MEDIUM,synthetic-pd-v1.0
RISK0000143,CUST0000791,LOAN0000143,2023-07-20,745,0.0238,LOW,synthetic-pd-v1.0
RISK0000144,CUST0000143,LOAN0000144,2021-09-15,707,0.0532,LOW,synthetic-pd-v1.0
RISK0000145,CUST0000538,LOAN0000145,2022-01-18,750,0.0216,LOW,synthetic-pd-v1.0
RISK0000146,CUST0000606,LOAN0000146,2023-06-24,701,0.0605,LOW,synthetic-pd-v1.0
RISK0000147,CUST0000364,LOAN0000147,2022-01-26,672,0.1084,MEDIUM,synthetic-pd-v1.0
RISK0000148,CUST0000105,LOAN0000148,2021-10-05,588,0.4288,HIGH,synthetic-pd-v1.0
RISK0000149,CUST0000764,LOAN0000149,2023-04-10,565,0.5545,HIGH,synthetic-pd-v1.0
RISK0000150,CUST0000901,LOAN0000150,2023-08-15,741,0.0262,LOW,synthetic-pd-v1.0
RISK0000151,CUST0000118,LOAN0000151,2023-08-02,697,0.065,LOW,synthetic-pd-v1.0
RISK0000152,CUST0000805,LOAN0000152,2023-07-14,680,0.0923,MEDIUM,synthetic-pd-v1.0
RISK0000153,CUST0000245,LOAN0000153,2024-01-23,732,0.0313,LOW,synthetic-pd-v1.0
RISK0000154,CUST0000605,LOAN0000154,2024-02-06,769,0.0144,LOW,synthetic-pd-v1.0
RISK0000155,CUST0000067,LOAN0000155,2025-06-27,661,0.1331,MEDIUM,synthetic-pd-v1.0
RISK0000156,CUST0000047,LOAN0000156,2022-01-13,625,0.2512,MEDIUM,synthetic-pd-v1.0
RISK0000157,CUST0000083,LOAN0000157,2025-06-23,778,0.0119,LOW,synthetic-pd-v1.0
RISK0000158,CUST0000766,LOAN0000158,2026-05-21,671,0.1092,LOW,synthetic-pd-v1.0
RISK0000159,CUST0000902,LOAN0000159,2022-05-22,550,0.6326,HIGH,synthetic-pd-v1.0
RISK0000160,CUST0000148,LOAN0000160,2023-03-14,537,0.6967,HIGH,synthetic-pd-v1.0
RISK0000161,CUST0000522,LOAN0000161,2021-11-26,753,0.0201,LOW,synthetic-pd-v1.0
RISK0000162,CUST0000866,LOAN0000162,2024-10-17,657,0.1435,MEDIUM,synthetic-pd-v1.0
RISK0000163,CUST0000003,LOAN0000163,2022-11-15,765,0.0157,LOW,synthetic-pd-v1.0
RISK0000164,CUST0000966,LOAN0000164,2022-12-27,648,0.1699,MEDIUM,synthetic-pd-v1.0
RISK0000165,CUST0000907,LOAN0000165,2023-04-29,551,0.6263,HIGH,synthetic-pd-v1.0
RISK0000166,CUST0000612,LOAN0000166,2026-03-23,646,0.1763,MEDIUM,synthetic-pd-v1.0
RISK0000167,CUST0000260,LOAN0000167,2023-11-07,627,0.243,MEDIUM,synthetic-pd-v1.0
RISK0000168,CUST0000850,LOAN0000168,2022-10-31,736,0.0292,LOW,synthetic-pd-v1.0
RISK0000169,CUST0000889,LOAN0000169,2022-03-18,630,0.2316,MEDIUM,synthetic-pd-v1.0
RISK0000170,CUST0000156,LOAN0000170,2023-08-13,627,0.2437,MEDIUM,synthetic-pd-v1.0
RISK0000171,CUST0000710,LOAN0000171,2025-12-01,688,0.0782,LOW,synthetic-pd-v1.0
RISK0000172,CUST0000692,LOAN0000172,2025-05-29,700,0.0613,LOW,synthetic-pd-v1.0
RISK0000173,CUST0000500,LOAN0000173,2022-11-27,715,0.0447,LOW,synthetic-pd-v1.0
RISK0000174,CUST0000976,LOAN0000174,2025-08-09,789,0.0094,LOW,synthetic-pd-v1.0
RISK0000175,CUST0000265,LOAN0000175,2025-06-29,686,0.0823,LOW,synthetic-pd-v1.0
RISK0000176,CUST0000098,LOAN0000176,2023-12-27,677,0.0983,LOW,synthetic-pd-v1.0
RISK0000177,CUST0000681,LOAN0000177,2025-03-26,686,0.0816,LOW,synthetic-pd-v1.0
RISK0000178,CUST0000675,LOAN0000178,2024-08-13,667,0.1186,MEDIUM,synthetic-pd-v1.0
RISK0000179,CUST0000796,LOAN0000179,2024-04-24,497,0.845,HIGH,synthetic-pd-v1.0
RISK0000180,CUST0000371,LOAN0000180,2025-07-09,696,0.0672,LOW,synthetic-pd-v1.0
RISK0000181,CUST0000393,LOAN0000181,2025-03-20,719,0.0418,LOW,synthetic-pd-v1.0
RISK0000182,CUST0000834,LOAN0000182,2024-12-12,621,0.2693,MEDIUM,synthetic-pd-v1.0
RISK0000183,CUST0000713,LOAN0000183,2022-01-19,708,0.0525,LOW,synthetic-pd-v1.0
RISK0000184,CUST0000347,LOAN0000184,2023-10-10,718,0.0425,LOW,synthetic-pd-v1.0
RISK0000185,CUST0000327,LOAN0000185,2024-02-09,660,0.1366,MEDIUM,synthetic-pd-v1.0
RISK0000186,CUST0000776,LOAN0000186,2026-02-10,703,0.0574,LOW,synthetic-pd-v1.0
RISK0000187,CUST0000518,LOAN0000187,2024-09-06,767,0.0151,LOW,synthetic-pd-v1.0
RISK0000188,CUST0000979,LOAN0000188,2022-03-09,731,0.0319,LOW,synthetic-pd-v1.0
RISK0000189,CUST0000937,LOAN0000189,2025-10-05,744,0.0243,LOW,synthetic-pd-v1.0
RISK0000190,CUST0000337,LOAN0000190,2023-10-27,642,0.1882,MEDIUM,synthetic-pd-v1.0
RISK0000191,CUST0000044,LOAN0000191,2023-11-29,761,0.0169,LOW,synthetic-pd-v1.0
RISK0000192,CUST0000222,LOAN0000192,2022-08-10,794,0.0083,LOW,synthetic-pd-v1.0
RISK0000193,CUST0000003,LOAN0000193,2023-01-26,675,0.1008,MEDIUM,synthetic-pd-v1.0
RISK0000194,CUST0000341,LOAN0000194,2023-11-08,630,0.2316,MEDIUM,synthetic-pd-v1.0
RISK0000195,CUST0000180,LOAN0000195,2022-08-09,643,0.1862,MEDIUM,synthetic-pd-v1.0
RISK0000196,CUST0000862,LOAN0000196,2025-03-15,579,0.4788,HIGH,synthetic-pd-v1.0
RISK0000197,CUST0000932,LOAN0000197,2025-10-20,482,0.8842,HIGH,synthetic-pd-v1.0
RISK0000198,CUST0000959,LOAN0000198,2025-04-08,788,0.0095,LOW,synthetic-pd-v1.0
RISK0000199,CUST0000422,LOAN0000199,2022-09-25,720,0.0407,LOW,synthetic-pd-v1.0
RISK0000200,CUST0000200,LOAN0000200,2023-05-23,678,0.0949,LOW,synthetic-pd-v1.0
RISK0000201,CUST0000283,LOAN0000201,2023-04-30,707,0.053,LOW,synthetic-pd-v1.0
RISK0000202,CUST0000060,LOAN0000202,2023-01-20,749,0.0219,LOW,synthetic-pd-v1.0
RISK0000203,CUST0000928,LOAN0000203,2025-10-09,761,0.0169,LOW,synthetic-pd-v1.0
RISK0000204,CUST0000209,LOAN0000204,2026-08-03,760,0.0175,LOW,synthetic-pd-v1.0
RISK0000205,CUST0000080,LOAN0000205,2022-11-24,645,0.1775,MEDIUM,synthetic-pd-v1.0
RISK0000206,CUST0000997,LOAN0000206,2024-10-22,692,0.072,LOW,synthetic-pd-v1.0
RISK0000207,CUST0000383,LOAN0000207,2023-04-14,588,0.4315,HIGH,synthetic-pd-v1.0
RISK0000208,CUST0000886,LOAN0000208,2024-07-07,803,0.0069,LOW,synthetic-pd-v1.0
RISK0000209,CUST0000225,LOAN0000209,2024-07-07,672,0.1067,LOW,synthetic-pd-v1.0
RISK0000210,CUST0000782,LOAN0000210,2024-11-14,758,0.018,LOW,synthetic-pd-v1.0
RISK0000211,CUST0000060,LOAN0000211,2022-10-25,741,0.0259,LOW,synthetic-pd-v1.0
RISK0000212,CUST0000244,LOAN0000212,2021-09-15,730,0.0328,LOW,synthetic-pd-v1.0
RISK0000213,CUST0000023,LOAN0000213,2022-03-24,693,0.0706,LOW,synthetic-pd-v1.0
RISK0000214,CUST0000290,LOAN0000214,2023-05-15,650,0.1618,MEDIUM,synthetic-pd-v1.0
RISK0000215,CUST0000448,LOAN0000215,2022-05-13,734,0.0302,LOW,synthetic-pd-v1.0
RISK0000216,CUST0000899,LOAN0000216,2024-02-17,694,0.0698,MEDIUM,synthetic-pd-v1.0
RISK0000217,CUST0000492,LOAN0000217,2025-04-03,664,0.1251,MEDIUM,synthetic-pd-v1.0
RISK0000218,CUST0000200,LOAN0000218,2024-01-30,690,0.0754,LOW,synthetic-pd-v1.0
RISK0000219,CUST0000901,LOAN0000219,2026-01-22,701,0.0606,LOW,synthetic-pd-v1.0
RISK0000220,CUST0000997,LOAN0000220,2025-05-01,676,0.0994,LOW,synthetic-pd-v1.0
RISK0000221,CUST0000720,LOAN0000221,2024-10-22,648,0.17,MEDIUM,synthetic-pd-v1.0
RISK0000222,CUST0000435,LOAN0000222,2024-06-26,610,0.3196,HIGH,synthetic-pd-v1.0
RISK0000223,CUST0000379,LOAN0000223,2025-01-02,726,0.0354,LOW,synthetic-pd-v1.0
RISK0000224,CUST0000556,LOAN0000224,2024-08-22,721,0.0399,LOW,synthetic-pd-v1.0
RISK0000225,CUST0000127,LOAN0000225,2025-05-13,748,0.0225,LOW,synthetic-pd-v1.0
RISK0000226,CUST0000893,LOAN0000226,2023-01-29,491,0.8619,HIGH,synthetic-pd-v1.0
RISK0000227,CUST0000949,LOAN0000227,2024-09-15,707,0.0529,LOW,synthetic-pd-v1.0
RISK0000228,CUST0000683,LOAN0000228,2026-05-11,736,0.0293,LOW,synthetic-pd-v1.0
RISK0000229,CUST0000179,LOAN0000229,2023-05-05,691,0.0743,LOW,synthetic-pd-v1.0
RISK0000230,CUST0000869,LOAN0000230,2024-01-22,707,0.0534,LOW,synthetic-pd-v1.0
RISK0000231,CUST0000896,LOAN0000231,2024-10-06,647,0.1709,MEDIUM,synthetic-pd-v1.0
RISK0000232,CUST0000762,LOAN0000232,2021-09-20,594,0.3974,HIGH,synthetic-pd-v1.0
RISK0000233,CUST0000781,LOAN0000233,2023-07-22,523,0.7587,HIGH,synthetic-pd-v1.0
RISK0000234,CUST0000396,LOAN0000234,2021-10-06,708,0.0525,LOW,synthetic-pd-v1.0
RISK0000235,CUST0000767,LOAN0000235,2026-01-03,802,0.0071,LOW,synthetic-pd-v1.0
RISK0000236,CUST0000945,LOAN0000236,2023-04-20,548,0.6428,HIGH,synthetic-pd-v1.0
RISK0000237,CUST0000988,LOAN0000237,2023-06-21,720,0.0402,LOW,synthetic-pd-v1.0
RISK0000238,CUST0000420,LOAN0000238,2024-09-30,712,0.048,LOW,synthetic-pd-v1.0
RISK0000239,CUST0000856,LOAN0000239,2024-12-06,723,0.038,LOW,synthetic-pd-v1.0
RISK0000240,CUST0000608,LOAN0000240,2024-07-17,729,0.0338,LOW,synthetic-pd-v1.0
RISK0000241,CUST0000791,LOAN0000241,2025-09-22,784,0.0104,LOW,synthetic-pd-v1.0
RISK0000242,CUST0000420,LOAN0000242,2024-05-13,720,0.0408,LOW,synthetic-pd-v1.0
RISK0000243,CUST0000094,LOAN0000243,2023-05-10,714,0.0458,LOW,synthetic-pd-v1.0
RISK0000244,CUST0000562,LOAN0000244,2024-06-28,721,0.0401,LOW,synthetic-pd-v1.0
RISK0000245,CUST0000346,LOAN0000245,2023-01-19,663,0.1268,MEDIUM,synthetic-pd-v1.0
RISK0000246,CUST0000874,LOAN0000246,2022-02-06,649,0.1673,MEDIUM,synthetic-pd-v1.0
RISK0000247,CUST0000511,LOAN0000247,2026-05-09,561,0.5754,HIGH,synthetic-pd-v1.0
RISK0000248,CUST0000569,LOAN0000248,2023-03-08,730,0.033,LOW,synthetic-pd-v1.0
RISK0000249,CUST0000632,LOAN0000249,2023-01-07,802,0.007,LOW,synthetic-pd-v1.0
RISK0000250,CUST0000398,LOAN0000250,2025-11-28,508,0.8112,HIGH,synthetic-pd-v1.0
RISK0000251,CUST0000975,LOAN0000251,2025-06-27,816,0.0052,LOW,synthetic-pd-v1.0
RISK0000252,CUST0000521,LOAN0000252,2023-05-23,695,0.0678,LOW,synthetic-pd-v1.0
RISK0000253,CUST0000066,LOAN0000253,2023-05-23,767,0.0151,LOW,synthetic-pd-v1.0
RISK0000254,CUST0000296,LOAN0000254,2024-07-23,618,0.2797,MEDIUM,synthetic-pd-v1.0
RISK0000255,CUST0000491,LOAN0000255,2024-04-06,745,0.0238,LOW,synthetic-pd-v1.0
RISK0000256,CUST0000931,LOAN0000256,2022-12-25,577,0.49,HIGH,synthetic-pd-v1.0
RISK0000257,CUST0000699,LOAN0000257,2023-09-23,624,0.2564,MEDIUM,synthetic-pd-v1.0
RISK0000258,CUST0000009,LOAN0000258,2026-08-18,650,0.163,MEDIUM,synthetic-pd-v1.0
RISK0000259,CUST0000175,LOAN0000259,2025-03-22,687,0.0798,MEDIUM,synthetic-pd-v1.0
RISK0000260,CUST0001000,LOAN0000260,2026-08-06,606,0.3393,HIGH,synthetic-pd-v1.0
RISK0000261,CUST0000085,LOAN0000261,2026-05-12,802,0.007,LOW,synthetic-pd-v1.0
RISK0000262,CUST0000208,LOAN0000262,2026-02-03,618,0.2798,HIGH,synthetic-pd-v1.0
RISK0000263,CUST0000966,LOAN0000263,2023-04-08,622,0.2632,MEDIUM,synthetic-pd-v1.0
RISK0000264,CUST0000776,LOAN0000264,2026-07-31,692,0.0721,LOW,synthetic-pd-v1.0
RISK0000265,CUST0000461,LOAN0000265,2024-06-03,748,0.0223,LOW,synthetic-pd-v1.0
RISK0000266,CUST0000220,LOAN0000266,2024-05-11,623,0.2586,MEDIUM,synthetic-pd-v1.0
RISK0000267,CUST0000745,LOAN0000267,2025-09-07,592,0.4088,HIGH,synthetic-pd-v1.0
RISK0000268,CUST0000062,LOAN0000268,2024-12-04,737,0.0282,LOW,synthetic-pd-v1.0
RISK0000269,CUST0000018,LOAN0000269,2026-07-31,710,0.0494,LOW,synthetic-pd-v1.0
RISK0000270,CUST0000115,LOAN0000270,2025-09-12,779,0.0115,LOW,synthetic-pd-v1.0
RISK0000271,CUST0000310,LOAN0000271,2022-04-02,697,0.0652,LOW,synthetic-pd-v1.0
RISK0000272,CUST0000177,LOAN0000272,2022-02-27,678,0.0957,LOW,synthetic-pd-v1.0
RISK0000273,CUST0000955,LOAN0000273,2021-12-27,687,0.0794,LOW,synthetic-pd-v1.0
RISK0000274,CUST0000327,LOAN0000274,2023-10-03,659,0.1376,MEDIUM,synthetic-pd-v1.0
RISK0000275,CUST0000306,LOAN0000275,2023-07-14,621,0.2687,MEDIUM,synthetic-pd-v1.0
RISK0000276,CUST0000832,LOAN0000276,2026-07-18,819,0.0049,LOW,synthetic-pd-v1.0
RISK0000277,CUST0000636,LOAN0000277,2025-10-04,592,0.4096,HIGH,synthetic-pd-v1.0
RISK0000278,CUST0000535,LOAN0000278,2025-11-23,656,0.1461,MEDIUM,synthetic-pd-v1.0
RISK0000279,CUST0000696,LOAN0000279,2023-07-23,614,0.2984,MEDIUM,synthetic-pd-v1.0
RISK0000280,CUST0000816,LOAN0000280,2025-02-09,693,0.071,LOW,synthetic-pd-v1.0
RISK0000281,CUST0000194,LOAN0000281,2023-08-18,665,0.1222,MEDIUM,synthetic-pd-v1.0
RISK0000282,CUST0000724,LOAN0000282,2023-07-23,716,0.0443,LOW,synthetic-pd-v1.0
RISK0000283,CUST0000045,LOAN0000283,2022-08-12,690,0.0753,MEDIUM,synthetic-pd-v1.0
RISK0000284,CUST0000557,LOAN0000284,2025-03-30,730,0.0329,LOW,synthetic-pd-v1.0
RISK0000285,CUST0000506,LOAN0000285,2024-07-13,698,0.0638,LOW,synthetic-pd-v1.0
RISK0000286,CUST0000607,LOAN0000286,2023-07-23,703,0.0579,LOW,synthetic-pd-v1.0
RISK0000287,CUST0000874,LOAN0000287,2025-06-09,603,0.3496,HIGH,synthetic-pd-v1.0
RISK0000288,CUST0000370,LOAN0000288,2024-05-17,767,0.0151,LOW,synthetic-pd-v1.0
RISK0000289,CUST0000790,LOAN0000289,2025-06-10,719,0.0414,LOW,synthetic-pd-v1.0
RISK0000290,CUST0000757,LOAN0000290,2021-11-12,790,0.0092,LOW,synthetic-pd-v1.0
RISK0000291,CUST0000987,LOAN0000291,2024-03-30,682,0.0887,MEDIUM,synthetic-pd-v1.0
RISK0000292,CUST0000778,LOAN0000292,2022-07-19,708,0.0519,LOW,synthetic-pd-v1.0
RISK0000293,CUST0000376,LOAN0000293,2026-01-09,748,0.0224,LOW,synthetic-pd-v1.0
RISK0000294,CUST0000925,LOAN0000294,2021-10-06,711,0.0485,LOW,synthetic-pd-v1.0
RISK0000295,CUST0000369,LOAN0000295,2023-04-01,697,0.0649,MEDIUM,synthetic-pd-v1.0
RISK0000296,CUST0000997,LOAN0000296,2024-10-06,680,0.0925,LOW,synthetic-pd-v1.0
RISK0000297,CUST0000925,LOAN0000297,2025-06-13,701,0.0607,LOW,synthetic-pd-v1.0
RISK0000298,CUST0000259,LOAN0000298,2026-04-19,596,0.3894,HIGH,synthetic-pd-v1.0
RISK0000299,CUST0000136,LOAN0000299,2021-10-03,631,0.2288,MEDIUM,synthetic-pd-v1.0
RISK0000300,CUST0000058,LOAN0000300,2026-05-16,675,0.102,MEDIUM,synthetic-pd-v1.0
RISK0000301,CUST0000438,LOAN0000301,2025-08-02,681,0.0898,LOW,synthetic-pd-v1.0
RISK0000302,CUST0000408,LOAN0000302,2026-01-05,772,0.0135,LOW,synthetic-pd-v1.0
RISK0000303,CUST0000179,LOAN0000303,2025-10-19,695,0.0679,LOW,synthetic-pd-v1.0
RISK0000304,CUST0000594,LOAN0000304,2025-03-23,685,0.0835,LOW,synthetic-pd-v1.0
RISK0000305,CUST0000286,LOAN0000305,2023-11-22,673,0.1061,LOW,synthetic-pd-v1.0
RISK0000306,CUST0000956,LOAN0000306,2024-01-04,761,0.0172,LOW,synthetic-pd-v1.0
RISK0000307,CUST0000607,LOAN0000307,2025-12-14,696,0.0673,LOW,synthetic-pd-v1.0
RISK0000308,CUST0000188,LOAN0000308,2025-03-29,758,0.018,LOW,synthetic-pd-v1.0
RISK0000309,CUST0000107,LOAN0000309,2024-03-09,634,0.2152,MEDIUM,synthetic-pd-v1.0
RISK0000310,CUST0000432,LOAN0000310,2025-01-22,783,0.0105,LOW,synthetic-pd-v1.0
RISK0000311,CUST0000689,LOAN0000311,2023-06-24,633,0.2184,MEDIUM,synthetic-pd-v1.0
RISK0000312,CUST0000352,LOAN0000312,2026-08-18,725,0.0363,LOW,synthetic-pd-v1.0
RISK0000313,CUST0000400,LOAN0000313,2025-12-18,654,0.1528,MEDIUM,synthetic-pd-v1.0
RISK0000314,CUST0000362,LOAN0000314,2026-01-21,721,0.0399,LOW,synthetic-pd-v1.0
RISK0000315,CUST0000259,LOAN0000315,2021-11-29,626,0.2472,MEDIUM,synthetic-pd-v1.0
RISK0000316,CUST0000547,LOAN0000316,2025-10-23,691,0.0744,LOW,synthetic-pd-v1.0
RISK0000317,CUST0000372,LOAN0000317,2025-05-31,537,0.6943,HIGH,synthetic-pd-v1.0
RISK0000318,CUST0000451,LOAN0000318,2022-08-13,643,0.1857,MEDIUM,synthetic-pd-v1.0
RISK0000319,CUST0000112,LOAN0000319,2023-01-30,758,0.0179,LOW,synthetic-pd-v1.0
RISK0000320,CUST0000394,LOAN0000320,2024-04-21,673,0.1046,MEDIUM,synthetic-pd-v1.0
RISK0000321,CUST0000418,LOAN0000321,2022-08-27,670,0.1113,MEDIUM,synthetic-pd-v1.0
RISK0000322,CUST0000697,LOAN0000322,2026-05-23,668,0.1152,MEDIUM,synthetic-pd-v1.0
RISK0000323,CUST0000103,LOAN0000323,2024-06-27,661,0.1332,MEDIUM,synthetic-pd-v1.0
RISK0000324,CUST0000425,LOAN0000324,2025-06-25,778,0.0118,LOW,synthetic-pd-v1.0
RISK0000325,CUST0000206,LOAN0000325,2025-07-19,756,0.0188,LOW,synthetic-pd-v1.0
RISK0000326,CUST0000348,LOAN0000326,2024-12-17,734,0.0304,LOW,synthetic-pd-v1.0
RISK0000327,CUST0000225,LOAN0000327,2022-05-24,712,0.0482,LOW,synthetic-pd-v1.0
RISK0000328,CUST0000176,LOAN0000328,2024-08-15,438,0.9519,HIGH,synthetic-pd-v1.0
RISK0000329,CUST0000886,LOAN0000329,2022-09-05,746,0.0234,LOW,synthetic-pd-v1.0
RISK0000330,CUST0000949,LOAN0000330,2026-08-01,742,0.0255,LOW,synthetic-pd-v1.0
RISK0000331,CUST0000879,LOAN0000331,2023-04-03,621,0.2694,MEDIUM,synthetic-pd-v1.0
RISK0000332,CUST0000127,LOAN0000332,2023-03-05,742,0.0252,LOW,synthetic-pd-v1.0
RISK0000333,CUST0000449,LOAN0000333,2023-03-10,679,0.094,LOW,synthetic-pd-v1.0
RISK0000334,CUST0000824,LOAN0000334,2025-01-01,604,0.3455,HIGH,synthetic-pd-v1.0
RISK0000335,CUST0000661,LOAN0000335,2025-10-01,657,0.1434,MEDIUM,synthetic-pd-v1.0
RISK0000336,CUST0000690,LOAN0000336,2024-10-23,747,0.0232,LOW,synthetic-pd-v1.0
RISK0000337,CUST0000035,LOAN0000337,2023-08-26,705,0.0556,LOW,synthetic-pd-v1.0
RISK0000338,CUST0000083,LOAN0000338,2023-06-28,786,0.0099,LOW,synthetic-pd-v1.0
RISK0000339,CUST0000384,LOAN0000339,2023-03-22,664,0.1251,MEDIUM,synthetic-pd-v1.0
RISK0000340,CUST0000532,LOAN0000340,2025-09-19,634,0.2157,MEDIUM,synthetic-pd-v1.0
RISK0000341,CUST0000276,LOAN0000341,2026-06-28,775,0.0127,LOW,synthetic-pd-v1.0
RISK0000342,CUST0000666,LOAN0000342,2025-10-10,655,0.1479,MEDIUM,synthetic-pd-v1.0
RISK0000343,CUST0000618,LOAN0000343,2022-10-31,694,0.069,LOW,synthetic-pd-v1.0
RISK0000344,CUST0000304,LOAN0000344,2026-07-05,706,0.0547,LOW,synthetic-pd-v1.0
RISK0000345,CUST0000724,LOAN0000345,2023-02-25,684,0.085,LOW,synthetic-pd-v1.0
RISK0000346,CUST0000988,LOAN0000346,2023-02-01,725,0.0367,LOW,synthetic-pd-v1.0
RISK0000347,CUST0000702,LOAN0000347,2024-11-28,750,0.0213,LOW,synthetic-pd-v1.0
RISK0000348,CUST0000228,LOAN0000348,2022-11-13,654,0.1507,MEDIUM,synthetic-pd-v1.0
RISK0000349,CUST0000776,LOAN0000349,2025-04-08,707,0.0534,LOW,synthetic-pd-v1.0
RISK0000350,CUST0000987,LOAN0000350,2023-05-16,648,0.1698,MEDIUM,synthetic-pd-v1.0
RISK0000351,CUST0000434,LOAN0000351,2022-04-01,600,0.3685,HIGH,synthetic-pd-v1.0
RISK0000352,CUST0000034,LOAN0000352,2026-03-27,796,0.008,LOW,synthetic-pd-v1.0
RISK0000353,CUST0000832,LOAN0000353,2021-09-29,828,0.004,LOW,synthetic-pd-v1.0
RISK0000354,CUST0000677,LOAN0000354,2024-07-08,774,0.0129,LOW,synthetic-pd-v1.0
RISK0000355,CUST0000771,LOAN0000355,2025-01-24,552,0.6207,HIGH,synthetic-pd-v1.0
RISK0000356,CUST0000951,LOAN0000356,2023-04-16,719,0.0414,LOW,synthetic-pd-v1.0
RISK0000357,CUST0000439,LOAN0000357,2026-02-12,762,0.0165,LOW,synthetic-pd-v1.0
RISK0000358,CUST0000899,LOAN0000358,2024-09-06,701,0.0605,LOW,synthetic-pd-v1.0
RISK0000359,CUST0000161,LOAN0000359,2026-01-30,611,0.3117,HIGH,synthetic-pd-v1.0
RISK0000360,CUST0000875,LOAN0000360,2023-06-28,594,0.3956,HIGH,synthetic-pd-v1.0
RISK0000361,CUST0000306,LOAN0000361,2024-05-04,639,0.1983,MEDIUM,synthetic-pd-v1.0
RISK0000362,CUST0000964,LOAN0000362,2023-01-20,794,0.0083,LOW,synthetic-pd-v1.0
RISK0000363,CUST0000783,LOAN0000363,2022-02-24,634,0.2177,MEDIUM,synthetic-pd-v1.0
RISK0000364,CUST0000322,LOAN0000364,2023-11-03,780,0.0112,LOW,synthetic-pd-v1.0
RISK0000365,CUST0000603,LOAN0000365,2026-04-03,723,0.0385,LOW,synthetic-pd-v1.0
RISK0000366,CUST0000111,LOAN0000366,2023-02-07,650,0.1616,MEDIUM,synthetic-pd-v1.0
RISK0000367,CUST0000236,LOAN0000367,2025-07-18,723,0.0378,LOW,synthetic-pd-v1.0
RISK0000368,CUST0000389,LOAN0000368,2025-03-17,575,0.5005,HIGH,synthetic-pd-v1.0
RISK0000369,CUST0000699,LOAN0000369,2022-10-16,638,0.2019,MEDIUM,synthetic-pd-v1.0
RISK0000370,CUST0000869,LOAN0000370,2023-04-27,662,0.131,MEDIUM,synthetic-pd-v1.0
RISK0000371,CUST0000522,LOAN0000371,2021-12-05,693,0.0707,LOW,synthetic-pd-v1.0
RISK0000372,CUST0000689,LOAN0000372,2025-02-17,667,0.1174,MEDIUM,synthetic-pd-v1.0
RISK0000373,CUST0000783,LOAN0000373,2024-03-26,651,0.1594,MEDIUM,synthetic-pd-v1.0
RISK0000374,CUST0000475,LOAN0000374,2024-04-21,783,0.0106,LOW,synthetic-pd-v1.0
RISK0000375,CUST0000107,LOAN0000375,2022-06-02,682,0.089,LOW,synthetic-pd-v1.0
RISK0000376,CUST0000064,LOAN0000376,2026-06-26,653,0.153,MEDIUM,synthetic-pd-v1.0
RISK0000377,CUST0000186,LOAN0000377,2021-11-17,734,0.0299,LOW,synthetic-pd-v1.0
RISK0000378,CUST0000321,LOAN0000378,2024-02-07,654,0.1528,MEDIUM,synthetic-pd-v1.0
RISK0000379,CUST0000174,LOAN0000379,2026-03-01,678,0.0951,LOW,synthetic-pd-v1.0
RISK0000380,CUST0000036,LOAN0000380,2024-03-27,689,0.0769,LOW,synthetic-pd-v1.0
RISK0000381,CUST0000477,LOAN0000381,2025-07-06,747,0.0229,LOW,synthetic-pd-v1.0
RISK0000382,CUST0000508,LOAN0000382,2024-07-01,777,0.012,LOW,synthetic-pd-v1.0
RISK0000383,CUST0000736,LOAN0000383,2024-12-29,503,0.8266,HIGH,synthetic-pd-v1.0
RISK0000384,CUST0000497,LOAN0000384,2025-03-30,734,0.0305,LOW,synthetic-pd-v1.0
RISK0000385,CUST0000435,LOAN0000385,2021-11-27,631,0.2294,MEDIUM,synthetic-pd-v1.0
RISK0000386,CUST0000481,LOAN0000386,2022-04-10,631,0.2262,MEDIUM,synthetic-pd-v1.0
RISK0000387,CUST0000070,LOAN0000387,2023-10-14,667,0.1181,LOW,synthetic-pd-v1.0
RISK0000388,CUST0000135,LOAN0000388,2023-01-11,718,0.0425,LOW,synthetic-pd-v1.0
RISK0000389,CUST0000725,LOAN0000389,2025-07-07,697,0.0658,LOW,synthetic-pd-v1.0
RISK0000390,CUST0000310,LOAN0000390,2023-07-22,720,0.0405,LOW,synthetic-pd-v1.0
RISK0000391,CUST0000702,LOAN0000391,2026-05-09,788,0.0095,LOW,synthetic-pd-v1.0
RISK0000392,CUST0000563,LOAN0000392,2023-10-25,719,0.0418,LOW,synthetic-pd-v1.0
RISK0000393,CUST0000289,LOAN0000393,2026-07-18,796,0.008,LOW,synthetic-pd-v1.0
RISK0000394,CUST0000050,LOAN0000394,2021-11-20,684,0.0844,LOW,synthetic-pd-v1.0
RISK0000395,CUST0000169,LOAN0000395,2025-06-09,696,0.0673,LOW,synthetic-pd-v1.0
RISK0000396,CUST0000533,LOAN0000396,2025-06-09,705,0.0554,LOW,synthetic-pd-v1.0
RISK0000397,CUST0000714,LOAN0000397,2024-01-17,740,0.0264,LOW,synthetic-pd-v1.0
RISK0000398,CUST0000546,LOAN0000398,2026-05-28,732,0.0317,LOW,synthetic-pd-v1.0
RISK0000399,CUST0000797,LOAN0000399,2023-09-21,581,0.4676,HIGH,synthetic-pd-v1.0
RISK0000400,CUST0000250,LOAN0000400,2026-08-25,627,0.2425,MEDIUM,synthetic-pd-v1.0
RISK0000401,CUST0000745,LOAN0000401,2026-06-05,642,0.1898,MEDIUM,synthetic-pd-v1.0
RISK0000402,CUST0000072,LOAN0000402,2024-10-29,654,0.1523,MEDIUM,synthetic-pd-v1.0
RISK0000403,CUST0000115,LOAN0000403,2022-02-16,788,0.0095,LOW,synthetic-pd-v1.0
RISK0000404,CUST0000215,LOAN0000404,2025-04-28,704,0.057,LOW,synthetic-pd-v1.0
RISK0000405,CUST0000584,LOAN0000405,2026-05-04,747,0.0228,LOW,synthetic-pd-v1.0
RISK0000406,CUST0000519,LOAN0000406,2023-11-07,754,0.0198,LOW,synthetic-pd-v1.0
RISK0000407,CUST0000624,LOAN0000407,2024-08-22,773,0.0131,LOW,synthetic-pd-v1.0
RISK0000408,CUST0000493,LOAN0000408,2025-04-20,572,0.5145,HIGH,synthetic-pd-v1.0
RISK0000409,CUST0000196,LOAN0000409,2022-09-02,685,0.0831,LOW,synthetic-pd-v1.0
RISK0000410,CUST0000712,LOAN0000410,2022-05-16,639,0.1984,MEDIUM,synthetic-pd-v1.0
RISK0000411,CUST0000531,LOAN0000411,2024-03-10,733,0.0306,LOW,synthetic-pd-v1.0
RISK0000412,CUST0000828,LOAN0000412,2022-05-02,689,0.0761,LOW,synthetic-pd-v1.0
RISK0000413,CUST0000242,LOAN0000413,2025-10-18,720,0.0407,LOW,synthetic-pd-v1.0
RISK0000414,CUST0000003,LOAN0000414,2025-02-08,735,0.0297,LOW,synthetic-pd-v1.0
RISK0000415,CUST0000528,LOAN0000415,2025-03-21,525,0.7468,HIGH,synthetic-pd-v1.0
RISK0000416,CUST0000611,LOAN0000416,2022-04-05,516,0.7836,HIGH,synthetic-pd-v1.0
RISK0000417,CUST0000487,LOAN0000417,2023-08-14,557,0.5971,HIGH,synthetic-pd-v1.0
RISK0000418,CUST0000918,LOAN0000418,2022-01-10,647,0.1711,MEDIUM,synthetic-pd-v1.0
RISK0000419,CUST0000808,LOAN0000419,2026-03-05,699,0.0628,LOW,synthetic-pd-v1.0
RISK0000420,CUST0000602,LOAN0000420,2026-08-08,736,0.0291,LOW,synthetic-pd-v1.0
RISK0000421,CUST0000034,LOAN0000421,2025-07-13,756,0.0187,LOW,synthetic-pd-v1.0
RISK0000422,CUST0000388,LOAN0000422,2022-06-11,821,0.0046,LOW,synthetic-pd-v1.0
RISK0000423,CUST0000564,LOAN0000423,2024-02-19,568,0.538,HIGH,synthetic-pd-v1.0
RISK0000424,CUST0000831,LOAN0000424,2024-12-05,740,0.0267,LOW,synthetic-pd-v1.0
RISK0000425,CUST0000755,LOAN0000425,2023-11-29,608,0.3282,HIGH,synthetic-pd-v1.0
RISK0000426,CUST0000297,LOAN0000426,2021-12-13,715,0.0449,LOW,synthetic-pd-v1.0
RISK0000427,CUST0000568,LOAN0000427,2026-06-12,762,0.0166,LOW,synthetic-pd-v1.0
RISK0000428,CUST0000264,LOAN0000428,2025-08-03,634,0.2165,MEDIUM,synthetic-pd-v1.0
RISK0000429,CUST0000782,LOAN0000429,2023-11-25,726,0.0355,LOW,synthetic-pd-v1.0
RISK0000430,CUST0000464,LOAN0000430,2026-06-25,742,0.0257,LOW,synthetic-pd-v1.0
RISK0000431,CUST0000662,LOAN0000431,2024-06-07,774,0.013,LOW,synthetic-pd-v1.0
RISK0000432,CUST0000070,LOAN0000432,2024-03-24,623,0.2603,MEDIUM,synthetic-pd-v1.0
RISK0000433,CUST0000036,LOAN0000433,2026-05-26,726,0.0357,LOW,synthetic-pd-v1.0
RISK0000434,CUST0000010,LOAN0000434,2023-06-03,648,0.1687,MEDIUM,synthetic-pd-v1.0
RISK0000435,CUST0000593,LOAN0000435,2026-01-29,710,0.05,LOW,synthetic-pd-v1.0
RISK0000436,CUST0000075,LOAN0000436,2024-01-12,673,0.1056,MEDIUM,synthetic-pd-v1.0
RISK0000437,CUST0000668,LOAN0000437,2025-06-17,773,0.013,LOW,synthetic-pd-v1.0
RISK0000438,CUST0000804,LOAN0000438,2026-03-08,508,0.8123,HIGH,synthetic-pd-v1.0
RISK0000439,CUST0000280,LOAN0000439,2023-11-19,668,0.1161,MEDIUM,synthetic-pd-v1.0
RISK0000440,CUST0000395,LOAN0000440,2022-07-22,679,0.0944,MEDIUM,synthetic-pd-v1.0
RISK0000441,CUST0000705,LOAN0000441,2023-11-10,702,0.0589,LOW,synthetic-pd-v1.0
RISK0000442,CUST0000745,LOAN0000442,2022-12-01,614,0.3012,HIGH,synthetic-pd-v1.0
RISK0000443,CUST0000791,LOAN0000443,2024-02-29,743,0.0248,LOW,synthetic-pd-v1.0
RISK0000444,CUST0000147,LOAN0000444,2025-10-01,663,0.1281,MEDIUM,synthetic-pd-v1.0
RISK0000445,CUST0000768,LOAN0000445,2025-06-18,755,0.0195,LOW,synthetic-pd-v1.0
RISK0000446,CUST0000045,LOAN0000446,2026-06-09,705,0.0549,LOW,synthetic-pd-v1.0
RISK0000447,CUST0000186,LOAN0000447,2025-06-14,708,0.0519,LOW,synthetic-pd-v1.0
RISK0000448,CUST0000906,LOAN0000448,2026-08-22,719,0.0411,LOW,synthetic-pd-v1.0
RISK0000449,CUST0000617,LOAN0000449,2022-04-16,773,0.0131,LOW,synthetic-pd-v1.0
RISK0000450,CUST0000307,LOAN0000450,2023-05-01,798,0.0076,LOW,synthetic-pd-v1.0
RISK0000451,CUST0000882,LOAN0000451,2022-11-19,647,0.1716,MEDIUM,synthetic-pd-v1.0
RISK0000452,CUST0000389,LOAN0000452,2024-11-05,545,0.6585,HIGH,synthetic-pd-v1.0
RISK0000453,CUST0000869,LOAN0000453,2021-12-10,680,0.0916,MEDIUM,synthetic-pd-v1.0
RISK0000454,CUST0000926,LOAN0000454,2025-02-28,685,0.0838,LOW,synthetic-pd-v1.0
RISK0000455,CUST0000819,LOAN0000455,2026-04-02,659,0.1388,LOW,synthetic-pd-v1.0
RISK0000456,CUST0000220,LOAN0000456,2022-08-03,696,0.0672,LOW,synthetic-pd-v1.0
RISK0000457,CUST0000181,LOAN0000457,2024-08-25,745,0.0239,LOW,synthetic-pd-v1.0
RISK0000458,CUST0000426,LOAN0000458,2025-06-12,753,0.0203,LOW,synthetic-pd-v1.0
RISK0000459,CUST0000783,LOAN0000459,2024-10-05,677,0.0967,LOW,synthetic-pd-v1.0
RISK0000460,CUST0000560,LOAN0000460,2026-08-26,351,0.9926,HIGH,synthetic-pd-v1.0
RISK0000461,CUST0000893,LOAN0000461,2023-08-25,482,0.8834,HIGH,synthetic-pd-v1.0
RISK0000462,CUST0000397,LOAN0000462,2024-03-27,680,0.0926,LOW,synthetic-pd-v1.0
RISK0000463,CUST0000684,LOAN0000463,2022-03-29,595,0.3919,HIGH,synthetic-pd-v1.0
RISK0000464,CUST0000434,LOAN0000464,2025-08-03,601,0.3597,HIGH,synthetic-pd-v1.0
RISK0000465,CUST0000519,LOAN0000465,2024-10-07,757,0.0186,LOW,synthetic-pd-v1.0
RISK0000466,CUST0000967,LOAN0000466,2025-01-28,765,0.0156,LOW,synthetic-pd-v1.0
RISK0000467,CUST0000635,LOAN0000467,2024-06-01,717,0.0436,LOW,synthetic-pd-v1.0
RISK0000468,CUST0000469,LOAN0000468,2025-09-07,683,0.0859,LOW,synthetic-pd-v1.0
RISK0000469,CUST0000772,LOAN0000469,2021-11-22,699,0.063,LOW,synthetic-pd-v1.0
RISK0000470,CUST0000725,LOAN0000470,2022-04-01,688,0.0789,LOW,synthetic-pd-v1.0
RISK0000471,CUST0000761,LOAN0000471,2024-10-05,677,0.0975,LOW,synthetic-pd-v1.0
RISK0000472,CUST0000609,LOAN0000472,2025-07-08,548,0.6427,HIGH,synthetic-pd-v1.0
RISK0000473,CUST0000340,LOAN0000473,2021-09-27,747,0.023,LOW,synthetic-pd-v1.0
RISK0000474,CUST0000773,LOAN0000474,2026-09-01,686,0.0808,LOW,synthetic-pd-v1.0
RISK0000475,CUST0000608,LOAN0000475,2026-07-28,739,0.0269,LOW,synthetic-pd-v1.0
RISK0000476,CUST0000898,LOAN0000476,2025-07-17,831,0.0037,LOW,synthetic-pd-v1.0
RISK0000477,CUST0000436,LOAN0000477,2022-03-21,495,0.8514,HIGH,synthetic-pd-v1.0
RISK0000478,CUST0000586,LOAN0000478,2024-07-13,577,0.4868,HIGH,synthetic-pd-v1.0
RISK0000479,CUST0000957,LOAN0000479,2025-07-30,613,0.3051,MEDIUM,synthetic-pd-v1.0
RISK0000480,CUST0000765,LOAN0000480,2024-10-06,693,0.0715,LOW,synthetic-pd-v1.0
RISK0000481,CUST0000429,LOAN0000481,2023-07-02,759,0.0177,LOW,synthetic-pd-v1.0
RISK0000482,CUST0000004,LOAN0000482,2026-06-29,669,0.115,MEDIUM,synthetic-pd-v1.0
RISK0000483,CUST0000418,LOAN0000483,2022-12-05,691,0.0744,LOW,synthetic-pd-v1.0
RISK0000484,CUST0000147,LOAN0000484,2025-02-17,714,0.0462,LOW,synthetic-pd-v1.0
RISK0000485,CUST0000678,LOAN0000485,2022-12-01,576,0.4955,HIGH,synthetic-pd-v1.0
RISK0000486,CUST0000898,LOAN0000486,2025-12-12,773,0.0131,LOW,synthetic-pd-v1.0
RISK0000487,CUST0000416,LOAN0000487,2026-08-06,629,0.2339,MEDIUM,synthetic-pd-v1.0
RISK0000488,CUST0000052,LOAN0000488,2023-08-11,700,0.0614,LOW,synthetic-pd-v1.0
RISK0000489,CUST0000219,LOAN0000489,2024-02-22,688,0.0778,LOW,synthetic-pd-v1.0
RISK0000490,CUST0000017,LOAN0000490,2023-05-27,690,0.0747,MEDIUM,synthetic-pd-v1.0
RISK0000491,CUST0000360,LOAN0000491,2023-10-12,644,0.1806,MEDIUM,synthetic-pd-v1.0
RISK0000492,CUST0000089,LOAN0000492,2024-10-29,607,0.3317,HIGH,synthetic-pd-v1.0
RISK0000493,CUST0000307,LOAN0000493,2021-12-20,760,0.0172,LOW,synthetic-pd-v1.0
RISK0000494,CUST0000188,LOAN0000494,2022-07-24,724,0.0376,LOW,synthetic-pd-v1.0
RISK0000495,CUST0000046,LOAN0000495,2025-11-11,699,0.0623,LOW,synthetic-pd-v1.0
RISK0000496,CUST0000211,LOAN0000496,2024-12-25,597,0.3812,HIGH,synthetic-pd-v1.0
RISK0000497,CUST0000929,LOAN0000497,2021-10-09,623,0.2617,MEDIUM,synthetic-pd-v1.0
RISK0000498,CUST0000045,LOAN0000498,2026-04-28,661,0.1317,MEDIUM,synthetic-pd-v1.0
RISK0000499,CUST0000110,LOAN0000499,2024-08-01,712,0.0482,LOW,synthetic-pd-v1.0
RISK0000500,CUST0000918,LOAN0000500,2024-02-14,674,0.1041,MEDIUM,synthetic-pd-v1.0
RISK0000501,CUST0000055,LOAN0000501,2024-07-02,723,0.0379,LOW,synthetic-pd-v1.0
RISK0000502,CUST0000631,LOAN0000502,2025-08-22,769,0.0143,LOW,synthetic-pd-v1.0
RISK0000503,CUST0000314,LOAN0000503,2024-12-14,750,0.0215,LOW,synthetic-pd-v1.0
RISK0000504,CUST0000953,LOAN0000504,2025-03-19,734,0.03,LOW,synthetic-pd-v1.0
RISK0000505,CUST0000062,LOAN0000505,2023-02-15,732,0.0316,LOW,synthetic-pd-v1.0
RISK0000506,CUST0000630,LOAN0000506,2024-10-11,688,0.0786,MEDIUM,synthetic-pd-v1.0
RISK0000507,CUST0000835,LOAN0000507,2026-07-15,796,0.008,LOW,synthetic-pd-v1.0
RISK0000508,CUST0000151,LOAN0000508,2022-09-20,570,0.5291,HIGH,synthetic-pd-v1.0
RISK0000509,CUST0000598,LOAN0000509,2024-10-22,703,0.058,LOW,synthetic-pd-v1.0
RISK0000510,CUST0000702,LOAN0000510,2025-04-22,740,0.0264,LOW,synthetic-pd-v1.0
RISK0000511,CUST0000465,LOAN0000511,2025-09-17,766,0.0154,LOW,synthetic-pd-v1.0
RISK0000512,CUST0000817,LOAN0000512,2024-12-14,677,0.0977,LOW,synthetic-pd-v1.0
RISK0000513,CUST0000621,LOAN0000513,2023-07-30,727,0.0347,LOW,synthetic-pd-v1.0
RISK0000514,CUST0000224,LOAN0000514,2022-03-19,701,0.0599,LOW,synthetic-pd-v1.0
RISK0000515,CUST0000228,LOAN0000515,2025-10-22,675,0.1012,MEDIUM,synthetic-pd-v1.0
RISK0000516,CUST0000138,LOAN0000516,2025-12-04,675,0.1014,LOW,synthetic-pd-v1.0
RISK0000517,CUST0000661,LOAN0000517,2025-09-25,646,0.1747,MEDIUM,synthetic-pd-v1.0
RISK0000518,CUST0000585,LOAN0000518,2026-01-18,584,0.4496,HIGH,synthetic-pd-v1.0
RISK0000519,CUST0000619,LOAN0000519,2021-11-20,792,0.0087,LOW,synthetic-pd-v1.0
RISK0000520,CUST0000697,LOAN0000520,2022-02-12,652,0.1574,MEDIUM,synthetic-pd-v1.0
RISK0000521,CUST0000273,LOAN0000521,2024-08-31,694,0.0691,LOW,synthetic-pd-v1.0
RISK0000522,CUST0000507,LOAN0000522,2024-01-01,709,0.0505,LOW,synthetic-pd-v1.0
RISK0000523,CUST0000015,LOAN0000523,2023-05-27,759,0.0178,LOW,synthetic-pd-v1.0
RISK0000524,CUST0000760,LOAN0000524,2026-07-09,681,0.0899,MEDIUM,synthetic-pd-v1.0
RISK0000525,CUST0000266,LOAN0000525,2026-01-16,685,0.0836,LOW,synthetic-pd-v1.0
RISK0000526,CUST0000184,LOAN0000526,2024-04-25,661,0.1316,MEDIUM,synthetic-pd-v1.0
RISK0000527,CUST0000770,LOAN0000527,2024-06-19,640,0.1939,MEDIUM,synthetic-pd-v1.0
RISK0000528,CUST0000832,LOAN0000528,2023-03-02,809,0.006,LOW,synthetic-pd-v1.0
RISK0000529,CUST0000838,LOAN0000529,2023-08-24,798,0.0076,LOW,synthetic-pd-v1.0
RISK0000530,CUST0000028,LOAN0000530,2025-02-20,777,0.0121,LOW,synthetic-pd-v1.0
RISK0000531,CUST0000891,LOAN0000531,2023-09-30,753,0.02,LOW,synthetic-pd-v1.0
RISK0000532,CUST0000330,LOAN0000532,2023-05-29,645,0.1778,MEDIUM,synthetic-pd-v1.0
RISK0000533,CUST0000725,LOAN0000533,2022-08-25,674,0.1025,MEDIUM,synthetic-pd-v1.0
RISK0000534,CUST0000170,LOAN0000534,2025-05-06,538,0.6907,HIGH,synthetic-pd-v1.0
RISK0000535,CUST0000528,LOAN0000535,2023-01-25,510,0.8055,HIGH,synthetic-pd-v1.0
RISK0000536,CUST0000581,LOAN0000536,2022-05-16,644,0.1827,MEDIUM,synthetic-pd-v1.0
RISK0000537,CUST0000611,LOAN0000537,2026-01-02,519,0.7707,HIGH,synthetic-pd-v1.0
RISK0000538,CUST0000126,LOAN0000538,2023-02-05,679,0.0942,LOW,synthetic-pd-v1.0
RISK0000539,CUST0000693,LOAN0000539,2023-05-31,617,0.2844,MEDIUM,synthetic-pd-v1.0
RISK0000540,CUST0000782,LOAN0000540,2022-02-11,773,0.0132,LOW,synthetic-pd-v1.0
RISK0000541,CUST0000470,LOAN0000541,2023-05-31,751,0.0209,LOW,synthetic-pd-v1.0
RISK0000542,CUST0000668,LOAN0000542,2024-12-04,767,0.0149,LOW,synthetic-pd-v1.0
RISK0000543,CUST0000901,LOAN0000543,2025-05-26,698,0.0636,LOW,synthetic-pd-v1.0
RISK0000544,CUST0000897,LOAN0000544,2024-08-04,720,0.0407,LOW,synthetic-pd-v1.0
RISK0000545,CUST0000318,LOAN0000545,2025-03-26,569,0.5351,HIGH,synthetic-pd-v1.0
RISK0000546,CUST0000704,LOAN0000546,2024-12-12,739,0.0269,LOW,synthetic-pd-v1.0
RISK0000547,CUST0000422,LOAN0000547,2023-03-18,683,0.087,MEDIUM,synthetic-pd-v1.0
RISK0000548,CUST0000347,LOAN0000548,2023-03-30,743,0.0249,LOW,synthetic-pd-v1.0
RISK0000549,CUST0000293,LOAN0000549,2025-01-01,682,0.0878,MEDIUM,synthetic-pd-v1.0
RISK0000550,CUST0000004,LOAN0000550,2026-04-19,686,0.0818,LOW,synthetic-pd-v1.0
RISK0000551,CUST0000153,LOAN0000551,2025-10-22,735,0.0293,LOW,synthetic-pd-v1.0
RISK0000552,CUST0000084,LOAN0000552,2026-04-30,684,0.0844,LOW,synthetic-pd-v1.0
RISK0000553,CUST0000515,LOAN0000553,2024-03-26,718,0.0422,LOW,synthetic-pd-v1.0
RISK0000554,CUST0000181,LOAN0000554,2024-10-13,759,0.0179,LOW,synthetic-pd-v1.0
RISK0000555,CUST0000407,LOAN0000555,2023-01-28,684,0.0856,MEDIUM,synthetic-pd-v1.0
RISK0000556,CUST0000773,LOAN0000556,2021-09-17,717,0.0432,LOW,synthetic-pd-v1.0
RISK0000557,CUST0000030,LOAN0000557,2023-06-28,701,0.0606,LOW,synthetic-pd-v1.0
RISK0000558,CUST0000843,LOAN0000558,2023-10-23,629,0.2353,MEDIUM,synthetic-pd-v1.0
RISK0000559,CUST0000824,LOAN0000559,2023-02-28,638,0.2007,MEDIUM,synthetic-pd-v1.0
RISK0000560,CUST0000074,LOAN0000560,2025-09-19,719,0.0414,LOW,synthetic-pd-v1.0
RISK0000561,CUST0000864,LOAN0000561,2026-07-31,743,0.025,LOW,synthetic-pd-v1.0
RISK0000562,CUST0000102,LOAN0000562,2022-10-06,765,0.0155,LOW,synthetic-pd-v1.0
RISK0000563,CUST0000281,LOAN0000563,2024-11-20,832,0.0037,LOW,synthetic-pd-v1.0
RISK0000564,CUST0000695,LOAN0000564,2022-12-13,794,0.0083,LOW,synthetic-pd-v1.0
RISK0000565,CUST0000504,LOAN0000565,2022-07-24,545,0.6573,HIGH,synthetic-pd-v1.0
RISK0000566,CUST0000236,LOAN0000566,2023-03-29,722,0.0387,LOW,synthetic-pd-v1.0
RISK0000567,CUST0000627,LOAN0000567,2022-05-27,756,0.0188,LOW,synthetic-pd-v1.0
RISK0000568,CUST0000389,LOAN0000568,2025-03-09,546,0.6511,HIGH,synthetic-pd-v1.0
RISK0000569,CUST0000182,LOAN0000569,2024-04-25,614,0.3,MEDIUM,synthetic-pd-v1.0
RISK0000570,CUST0000530,LOAN0000570,2024-11-26,666,0.1202,MEDIUM,synthetic-pd-v1.0
RISK0000571,CUST0000295,LOAN0000571,2022-03-17,693,0.0713,LOW,synthetic-pd-v1.0
RISK0000572,CUST0000379,LOAN0000572,2023-10-31,662,0.13,MEDIUM,synthetic-pd-v1.0
RISK0000573,CUST0000880,LOAN0000573,2025-05-18,748,0.0224,LOW,synthetic-pd-v1.0
RISK0000574,CUST0000356,LOAN0000574,2022-03-02,805,0.0066,LOW,synthetic-pd-v1.0
RISK0000575,CUST0000725,LOAN0000575,2024-05-08,698,0.0634,LOW,synthetic-pd-v1.0
RISK0000576,CUST0000001,LOAN0000576,2023-12-31,755,0.0194,LOW,synthetic-pd-v1.0
RISK0000577,CUST0000268,LOAN0000577,2021-11-24,640,0.1948,MEDIUM,synthetic-pd-v1.0
RISK0000578,CUST0000916,LOAN0000578,2021-12-30,696,0.0663,LOW,synthetic-pd-v1.0
RISK0000579,CUST0000002,LOAN0000579,2022-07-26,719,0.0415,LOW,synthetic-pd-v1.0
RISK0000580,CUST0000130,LOAN0000580,2024-06-14,713,0.0465,LOW,synthetic-pd-v1.0
RISK0000581,CUST0000592,LOAN0000581,2023-02-15,707,0.0532,LOW,synthetic-pd-v1.0
RISK0000582,CUST0000328,LOAN0000582,2024-10-12,662,0.1305,MEDIUM,synthetic-pd-v1.0
RISK0000583,CUST0000516,LOAN0000583,2021-12-26,683,0.0865,MEDIUM,synthetic-pd-v1.0
RISK0000584,CUST0000129,LOAN0000584,2022-11-02,617,0.2865,MEDIUM,synthetic-pd-v1.0
RISK0000585,CUST0000929,LOAN0000585,2026-04-15,607,0.3324,HIGH,synthetic-pd-v1.0
RISK0000586,CUST0000121,LOAN0000586,2022-06-04,711,0.049,LOW,synthetic-pd-v1.0
RISK0000587,CUST0000313,LOAN0000587,2023-01-21,589,0.4252,HIGH,synthetic-pd-v1.0
RISK0000588,CUST0000382,LOAN0000588,2022-06-28,764,0.0158,LOW,synthetic-pd-v1.0
RISK0000589,CUST0000517,LOAN0000589,2024-06-01,711,0.0494,LOW,synthetic-pd-v1.0
RISK0000590,CUST0000731,LOAN0000590,2025-03-05,794,0.0083,LOW,synthetic-pd-v1.0
RISK0000591,CUST0000472,LOAN0000591,2025-04-21,538,0.69,HIGH,synthetic-pd-v1.0
RISK0000592,CUST0000786,LOAN0000592,2024-03-02,725,0.0366,LOW,synthetic-pd-v1.0
RISK0000593,CUST0000684,LOAN0000593,2023-08-09,617,0.2841,HIGH,synthetic-pd-v1.0
RISK0000594,CUST0000856,LOAN0000594,2026-02-03,739,0.0271,LOW,synthetic-pd-v1.0
RISK0000595,CUST0000910,LOAN0000595,2025-08-26,684,0.0854,MEDIUM,synthetic-pd-v1.0
RISK0000596,CUST0000639,LOAN0000596,2025-04-26,767,0.0148,LOW,synthetic-pd-v1.0
RISKA0000001,CUST0000313,,2023-02-25,639,0.1975,MEDIUM,synthetic-pd-v1.0
RISKA0000002,CUST0000074,,2022-11-22,666,0.1196,MEDIUM,synthetic-pd-v1.0
RISKA0000003,CUST0000523,,2024-07-09,771,0.0136,LOW,synthetic-pd-v1.0
RISKA0000004,CUST0000091,,2023-03-23,715,0.0446,LOW,synthetic-pd-v1.0
RISKA0000005,CUST0000050,,2024-07-31,647,0.171,MEDIUM,synthetic-pd-v1.0
RISKA0000006,CUST0000164,,2024-07-16,711,0.0491,LOW,synthetic-pd-v1.0
RISKA0000007,CUST0000292,,2024-05-21,698,0.0635,LOW,synthetic-pd-v1.0
RISKA0000008,CUST0000012,,2026-06-12,609,0.3202,HIGH,synthetic-pd-v1.0
RISKA0000009,CUST0000124,,2024-11-14,654,0.152,MEDIUM,synthetic-pd-v1.0
RISKA0000010,CUST0000284,,2023-10-29,698,0.0637,LOW,synthetic-pd-v1.0
RISKA0000011,CUST0000484,,2022-09-16,683,0.0874,LOW,synthetic-pd-v1.0
RISKA0000012,CUST0000321,,2024-03-05,652,0.1581,MEDIUM,synthetic-pd-v1.0
RISKA0000013,CUST0000314,,2025-09-21,736,0.0288,LOW,synthetic-pd-v1.0
RISKA0000014,CUST0000682,,2023-11-03,618,0.2827,HIGH,synthetic-pd-v1.0
RISKA0000015,CUST0000692,,2024-09-09,678,0.0961,LOW,synthetic-pd-v1.0
RISKA0000016,CUST0000363,,2024-11-22,744,0.0242,LOW,synthetic-pd-v1.0
RISKA0000017,CUST0000956,,2024-07-15,758,0.0181,LOW,synthetic-pd-v1.0
RISKA0000018,CUST0000047,,2024-07-12,606,0.3364,HIGH,synthetic-pd-v1.0
RISKA0000019,CUST0000897,,2025-08-06,691,0.0741,LOW,synthetic-pd-v1.0
RISKA0000020,CUST0000008,,2022-11-13,681,0.0901,LOW,synthetic-pd-v1.0
RISKA0000021,CUST0000322,,2024-04-07,746,0.0234,LOW,synthetic-pd-v1.0
RISKA0000022,CUST0000138,,2025-10-17,669,0.1149,LOW,synthetic-pd-v1.0
RISKA0000023,CUST0000671,,2024-05-23,669,0.1146,MEDIUM,synthetic-pd-v1.0
RISKA0000024,CUST0000766,,2022-06-30,699,0.0628,LOW,synthetic-pd-v1.0
RISKA0000025,CUST0000057,,2026-02-25,664,0.1244,MEDIUM,synthetic-pd-v1.0
RISKA0000026,CUST0000416,,2024-04-09,614,0.2993,MEDIUM,synthetic-pd-v1.0
RISKA0000027,CUST0000477,,2022-05-16,711,0.0486,LOW,synthetic-pd-v1.0
RISKA0000028,CUST0000293,,2024-11-30,674,0.1043,LOW,synthetic-pd-v1.0
RISKA0000029,CUST0000153,,2024-08-10,758,0.0181,LOW,synthetic-pd-v1.0
RISKA0000030,CUST0000444,,2022-04-29,495,0.8508,HIGH,synthetic-pd-v1.0
RISKA0000031,CUST0000418,,2022-05-29,688,0.0788,LOW,synthetic-pd-v1.0
RISKA0000032,CUST0000318,,2022-03-27,618,0.2823,MEDIUM,synthetic-pd-v1.0
RISKA0000033,CUST0000907,,2026-07-17,565,0.5557,HIGH,synthetic-pd-v1.0
RISKA0000034,CUST0000137,,2022-03-04,751,0.021,LOW,synthetic-pd-v1.0
RISKA0000035,CUST0000147,,2024-05-29,733,0.0311,LOW,synthetic-pd-v1.0
RISKA0000036,CUST0000561,,2026-02-06,616,0.2917,MEDIUM,synthetic-pd-v1.0
RISKA0000037,CUST0000540,,2021-10-09,745,0.0241,LOW,synthetic-pd-v1.0
RISKA0000038,CUST0000108,,2022-12-28,701,0.0602,LOW,synthetic-pd-v1.0
RISKA0000039,CUST0000838,,2023-09-08,799,0.0074,LOW,synthetic-pd-v1.0
RISKA0000040,CUST0000883,,2024-06-11,638,0.2005,MEDIUM,synthetic-pd-v1.0
RISKA0000041,CUST0000150,,2021-11-04,654,0.1515,MEDIUM,synthetic-pd-v1.0
RISKA0000042,CUST0000403,,2026-03-27,716,0.0445,LOW,synthetic-pd-v1.0
RISKA0000043,CUST0000959,,2025-06-16,781,0.011,LOW,synthetic-pd-v1.0
RISKA0000044,CUST0000190,,2022-01-04,620,0.2736,MEDIUM,synthetic-pd-v1.0
RISKA0000045,CUST0000736,,2024-04-15,506,0.8195,HIGH,synthetic-pd-v1.0
RISKA0000046,CUST0000687,,2022-05-23,767,0.0151,LOW,synthetic-pd-v1.0
RISKA0000047,CUST0000610,,2026-02-12,708,0.0516,LOW,synthetic-pd-v1.0
RISKA0000048,CUST0000282,,2022-03-20,683,0.0863,LOW,synthetic-pd-v1.0
RISKA0000049,CUST0000375,,2024-07-11,599,0.372,HIGH,synthetic-pd-v1.0
RISKA0000050,CUST0000747,,2026-08-24,563,0.5625,HIGH,synthetic-pd-v1.0
RISKA0000051,CUST0000988,,2026-03-21,736,0.0289,LOW,synthetic-pd-v1.0
RISKA0000052,CUST0000345,,2026-07-22,754,0.0196,LOW,synthetic-pd-v1.0
RISKA0000053,CUST0000244,,2025-10-09,756,0.0187,LOW,synthetic-pd-v1.0
RISKA0000054,CUST0000114,,2024-11-22,649,0.1659,MEDIUM,synthetic-pd-v1.0
RISKA0000055,CUST0000119,,2026-08-13,741,0.0261,LOW,synthetic-pd-v1.0
RISKA0000056,CUST0000305,,2022-01-29,683,0.0859,LOW,synthetic-pd-v1.0
RISKA0000057,CUST0000001,,2023-01-16,749,0.022,LOW,synthetic-pd-v1.0
RISKA0000058,CUST0000100,,2022-05-26,730,0.0329,LOW,synthetic-pd-v1.0
RISKA0000059,CUST0000629,,2025-02-06,817,0.0051,LOW,synthetic-pd-v1.0
RISKA0000060,CUST0000051,,2022-05-08,554,0.6123,HIGH,synthetic-pd-v1.0
RISKA0000061,CUST0000810,,2021-11-26,710,0.0498,LOW,synthetic-pd-v1.0
RISKA0000062,CUST0000652,,2026-08-16,684,0.0847,LOW,synthetic-pd-v1.0
RISKA0000063,CUST0000233,,2023-07-05,710,0.0497,LOW,synthetic-pd-v1.0
RISKA0000064,CUST0000489,,2024-01-19,622,0.2647,MEDIUM,synthetic-pd-v1.0
RISKA0000065,CUST0000104,,2025-04-29,710,0.0497,LOW,synthetic-pd-v1.0
RISKA0000066,CUST0000423,,2023-03-18,747,0.023,LOW,synthetic-pd-v1.0
RISKA0000067,CUST0000206,,2024-04-03,800,0.0073,LOW,synthetic-pd-v1.0
RISKA0000068,CUST0000991,,2023-04-24,612,0.3088,HIGH,synthetic-pd-v1.0
RISKA0000069,CUST0000866,,2024-12-04,667,0.1182,LOW,synthetic-pd-v1.0
RISKA0000070,CUST0000018,,2026-08-20,690,0.0749,LOW,synthetic-pd-v1.0
RISKA0000071,CUST0000279,,2025-06-06,710,0.0497,LOW,synthetic-pd-v1.0
RISKA0000072,CUST0000038,,2025-09-15,735,0.0296,LOW,synthetic-pd-v1.0
RISKA0000073,CUST0000001,,2026-07-03,757,0.0184,LOW,synthetic-pd-v1.0
RISKA0000074,CUST0000428,,2025-02-18,783,0.0106,LOW,synthetic-pd-v1.0
RISKA0000075,CUST0000803,,2022-08-21,704,0.0567,LOW,synthetic-pd-v1.0
RISKA0000076,CUST0000718,,2025-03-07,742,0.0253,LOW,synthetic-pd-v1.0
RISKA0000077,CUST0000616,,2026-02-24,709,0.0512,LOW,synthetic-pd-v1.0
RISKA0000078,CUST0000708,,2023-10-03,700,0.0609,LOW,synthetic-pd-v1.0
RISKA0000079,CUST0000746,,2024-11-11,701,0.0607,LOW,synthetic-pd-v1.0
RISKA0000080,CUST0000740,,2026-01-25,626,0.2456,MEDIUM,synthetic-pd-v1.0
RISKA0000081,CUST0000448,,2025-11-09,718,0.042,LOW,synthetic-pd-v1.0
RISKA0000082,CUST0000843,,2022-07-05,641,0.1927,MEDIUM,synthetic-pd-v1.0
RISKA0000083,CUST0000739,,2024-04-13,701,0.0602,LOW,synthetic-pd-v1.0
RISKA0000084,CUST0000437,,2026-04-11,714,0.0457,LOW,synthetic-pd-v1.0
RISKA0000085,CUST0000104,,2022-09-18,706,0.054,LOW,synthetic-pd-v1.0
RISKA0000086,CUST0000362,,2026-06-22,748,0.0223,LOW,synthetic-pd-v1.0
RISKA0000087,CUST0000763,,2025-06-28,721,0.0395,LOW,synthetic-pd-v1.0
RISKA0000088,CUST0000423,,2024-08-18,758,0.0181,LOW,synthetic-pd-v1.0
RISKA0000089,CUST0000335,,2026-02-28,732,0.0316,LOW,synthetic-pd-v1.0
RISKA0000090,CUST0000884,,2023-10-03,709,0.0513,LOW,synthetic-pd-v1.0
RISKA0000091,CUST0000683,,2024-02-26,728,0.0344,LOW,synthetic-pd-v1.0
RISKA0000092,CUST0000622,,2024-12-23,709,0.0515,LOW,synthetic-pd-v1.0
RISKA0000093,CUST0000821,,2025-03-13,766,0.0154,LOW,synthetic-pd-v1.0
RISKA0000094,CUST0000710,,2022-02-12,654,0.1512,MEDIUM,synthetic-pd-v1.0
RISKA0000095,CUST0000402,,2023-05-11,764,0.0161,LOW,synthetic-pd-v1.0
RISKA0000096,CUST0000248,,2022-10-20,651,0.1601,MEDIUM,synthetic-pd-v1.0
RISKA0000097,CUST0000563,,2021-12-06,739,0.0274,LOW,synthetic-pd-v1.0
RISKA0000098,CUST0000038,,2022-06-05,737,0.0282,LOW,synthetic-pd-v1.0
RISKA0000099,CUST0000627,,2022-03-06,739,0.0274,LOW,synthetic-pd-v1.0
RISKA0000100,CUST0000931,,2022-02-22,575,0.4994,HIGH,synthetic-pd-v1.0
RISKA0000101,CUST0000040,,2022-01-09,651,0.1606,MEDIUM,synthetic-pd-v1.0
RISKA0000102,CUST0000983,,2024-09-22,655,0.1474,MEDIUM,synthetic-pd-v1.0
RISKA0000103,CUST0000316,,2025-08-06,630,0.2299,MEDIUM,synthetic-pd-v1.0
RISKA0000104,CUST0000416,,2026-02-25,682,0.0882,MEDIUM,synthetic-pd-v1.0
RISKA0000105,CUST0000100,,2025-12-09,721,0.0401,LOW,synthetic-pd-v1.0
RISKA0000106,CUST0000248,,2023-03-09,688,0.0784,LOW,synthetic-pd-v1.0
RISKA0000107,CUST0000411,,2026-02-09,689,0.0766,LOW,synthetic-pd-v1.0
RISKA0000108,CUST0000376,,2024-02-27,702,0.0587,LOW,synthetic-pd-v1.0
RISKA0000109,CUST0000837,,2024-05-04,587,0.4342,HIGH,synthetic-pd-v1.0
RISKA0000110,CUST0000111,,2024-10-26,627,0.2438,MEDIUM,synthetic-pd-v1.0
RISKA0000111,CUST0000116,,2022-05-11,501,0.8341,HIGH,synthetic-pd-v1.0
RISKA0000112,CUST0000067,,2023-04-10,659,0.137,MEDIUM,synthetic-pd-v1.0
RISKA0000113,CUST0000301,,2024-10-05,603,0.3502,HIGH,synthetic-pd-v1.0
RISKA0000114,CUST0000425,,2021-11-08,744,0.0246,LOW,synthetic-pd-v1.0
RISKA0000115,CUST0000474,,2023-10-28,793,0.0084,LOW,synthetic-pd-v1.0
RISKA0000116,CUST0000791,,2026-08-24,710,0.0503,LOW,synthetic-pd-v1.0
RISKA0000117,CUST0000587,,2022-07-24,734,0.0301,LOW,synthetic-pd-v1.0
RISKA0000118,CUST0000238,,2026-04-18,798,0.0076,LOW,synthetic-pd-v1.0
RISKA0000119,CUST0000852,,2024-02-17,614,0.301,MEDIUM,synthetic-pd-v1.0
RISKA0000120,CUST0000844,,2024-12-16,576,0.4945,HIGH,synthetic-pd-v1.0
RISKA0000121,CUST0000355,,2026-02-24,699,0.0628,LOW,synthetic-pd-v1.0
RISKA0000122,CUST0000440,,2024-12-15,591,0.411,HIGH,synthetic-pd-v1.0
RISKA0000123,CUST0000135,,2023-09-03,742,0.0255,LOW,synthetic-pd-v1.0
RISKA0000124,CUST0000155,,2023-10-24,743,0.0251,LOW,synthetic-pd-v1.0
RISKA0000125,CUST0000745,,2025-07-02,639,0.1996,MEDIUM,synthetic-pd-v1.0
RISKA0000126,CUST0000430,,2023-03-12,686,0.0821,MEDIUM,synthetic-pd-v1.0
RISKA0000127,CUST0000047,,2024-04-23,633,0.2214,MEDIUM,synthetic-pd-v1.0
RISKA0000128,CUST0000984,,2026-04-25,731,0.0324,LOW,synthetic-pd-v1.0
RISKA0000129,CUST0000639,,2024-06-02,741,0.026,LOW,synthetic-pd-v1.0
RISKA0000130,CUST0000672,,2022-09-06,672,0.1079,MEDIUM,synthetic-pd-v1.0
RISKA0000131,CUST0000845,,2023-04-02,647,0.1712,MEDIUM,synthetic-pd-v1.0
RISKA0000132,CUST0000706,,2023-01-02,679,0.0941,LOW,synthetic-pd-v1.0
RISKA0000133,CUST0000190,,2025-01-06,602,0.3552,HIGH,synthetic-pd-v1.0
RISKA0000134,CUST0000892,,2024-03-08,649,0.1663,MEDIUM,synthetic-pd-v1.0
RISKA0000135,CUST0000500,,2023-09-16,731,0.0322,LOW,synthetic-pd-v1.0
RISKA0000136,CUST0000529,,2021-10-02,598,0.3768,HIGH,synthetic-pd-v1.0
RISKA0000137,CUST0000846,,2026-02-08,677,0.0976,LOW,synthetic-pd-v1.0
RISKA0000138,CUST0000430,,2022-04-26,644,0.1827,MEDIUM,synthetic-pd-v1.0
RISKA0000139,CUST0000869,,2021-10-05,702,0.0594,LOW,synthetic-pd-v1.0
RISKA0000140,CUST0000206,,2022-12-26,792,0.0088,LOW,synthetic-pd-v1.0
RISKA0000141,CUST0000403,,2026-03-24,743,0.0251,LOW,synthetic-pd-v1.0
RISKA0000142,CUST0000924,,2021-12-09,639,0.1976,MEDIUM,synthetic-pd-v1.0
RISKA0000143,CUST0000870,,2023-12-30,733,0.0307,LOW,synthetic-pd-v1.0
RISKA0000144,CUST0000508,,2022-09-13,786,0.0099,LOW,synthetic-pd-v1.0
RISKA0000145,CUST0000124,,2023-07-23,672,0.1085,MEDIUM,synthetic-pd-v1.0
RISKA0000146,CUST0000133,,2024-02-26,594,0.4004,HIGH,synthetic-pd-v1.0
RISKA0000147,CUST0000027,,2025-11-17,704,0.0567,LOW,synthetic-pd-v1.0
RISKA0000148,CUST0000573,,2024-02-05,652,0.157,MEDIUM,synthetic-pd-v1.0
RISKA0000149,CUST0000537,,2026-03-12,792,0.0086,LOW,synthetic-pd-v1.0
RISKA0000150,CUST0000250,,2021-10-08,661,0.1325,LOW,synthetic-pd-v1.0
RISKA0000151,CUST0000849,,2023-01-19,673,0.1051,MEDIUM,synthetic-pd-v1.0
RISKA0000152,CUST0000136,,2023-04-16,647,0.1722,MEDIUM,synthetic-pd-v1.0
RISKA0000153,CUST0000509,,2024-08-11,574,0.5048,HIGH,synthetic-pd-v1.0
RISKA0000154,CUST0000418,,2024-07-01,709,0.051,LOW,synthetic-pd-v1.0
RISKA0000155,CUST0000901,,2024-10-01,723,0.0382,LOW,synthetic-pd-v1.0
RISKA0000156,CUST0000765,,2026-06-02,681,0.0907,LOW,synthetic-pd-v1.0
RISKA0000157,CUST0000874,,2026-04-04,723,0.038,LOW,synthetic-pd-v1.0
RISKA0000158,CUST0000224,,2025-10-11,671,0.1092,LOW,synthetic-pd-v1.0
RISKA0000159,CUST0000810,,2022-04-20,757,0.0187,LOW,synthetic-pd-v1.0
RISKA0000160,CUST0000466,,2024-05-13,643,0.1853,MEDIUM,synthetic-pd-v1.0
RISKA0000161,CUST0000188,,2022-05-06,749,0.0222,LOW,synthetic-pd-v1.0
RISKA0000162,CUST0000760,,2022-08-25,763,0.0162,LOW,synthetic-pd-v1.0
RISKA0000163,CUST0000058,,2022-04-19,725,0.0364,LOW,synthetic-pd-v1.0
RISKA0000164,CUST0000846,,2025-06-14,713,0.0471,LOW,synthetic-pd-v1.0
RISKA0000165,CUST0000605,,2023-07-18,769,0.0143,LOW,synthetic-pd-v1.0
RISKA0000166,CUST0000008,,2026-06-07,667,0.1194,MEDIUM,synthetic-pd-v1.0
RISKA0000167,CUST0000189,,2024-04-25,794,0.0083,LOW,synthetic-pd-v1.0
RISKA0000168,CUST0000932,,2024-12-12,503,0.8289,HIGH,synthetic-pd-v1.0
RISKA0000169,CUST0000668,,2023-04-14,751,0.0213,LOW,synthetic-pd-v1.0
RISKA0000170,CUST0000930,,2025-02-06,748,0.0224,LOW,synthetic-pd-v1.0
RISKA0000171,CUST0000039,,2025-01-09,627,0.2443,MEDIUM,synthetic-pd-v1.0
RISKA0000172,CUST0000269,,2025-03-18,723,0.0381,LOW,synthetic-pd-v1.0
RISKA0000173,CUST0000717,,2022-05-15,700,0.0613,LOW,synthetic-pd-v1.0
RISKA0000174,CUST0000448,,2023-10-11,750,0.0217,LOW,synthetic-pd-v1.0
RISKA0000175,CUST0000473,,2025-04-29,713,0.0472,LOW,synthetic-pd-v1.0
RISKA0000176,CUST0000019,,2024-09-15,729,0.0337,LOW,synthetic-pd-v1.0
RISKA0000177,CUST0000392,,2025-04-05,765,0.0155,LOW,synthetic-pd-v1.0
RISKA0000178,CUST0000971,,2024-04-23,693,0.0714,LOW,synthetic-pd-v1.0
RISKA0000179,CUST0000545,,2023-04-25,613,0.302,HIGH,synthetic-pd-v1.0
RISKA0000180,CUST0000565,,2022-04-13,679,0.093,MEDIUM,synthetic-pd-v1.0
RISKA0000181,CUST0000360,,2022-04-29,625,0.2533,MEDIUM,synthetic-pd-v1.0
RISKA0000182,CUST0000307,,2022-03-08,749,0.0222,LOW,synthetic-pd-v1.0
RISKA0000183,CUST0000375,,2026-01-05,586,0.4384,HIGH,synthetic-pd-v1.0
RISKA0000184,CUST0000493,,2022-10-28,631,0.2287,MEDIUM,synthetic-pd-v1.0
RISKA0000185,CUST0000561,,2025-10-23,637,0.2038,MEDIUM,synthetic-pd-v1.0
RISKA0000186,CUST0000743,,2026-03-14,605,0.3433,HIGH,synthetic-pd-v1.0
RISKA0000187,CUST0000232,,2023-10-15,735,0.0298,LOW,synthetic-pd-v1.0
RISKA0000188,CUST0000472,,2022-07-17,630,0.2297,MEDIUM,synthetic-pd-v1.0
RISKA0000189,CUST0000544,,2022-05-27,729,0.0336,LOW,synthetic-pd-v1.0
RISKA0000190,CUST0000126,,2026-08-24,699,0.0623,LOW,synthetic-pd-v1.0
RISKA0000191,CUST0000675,,2024-02-06,639,0.1971,MEDIUM,synthetic-pd-v1.0
RISKA0000192,CUST0000853,,2022-07-09,646,0.1762,MEDIUM,synthetic-pd-v1.0
RISKA0000193,CUST0000194,,2022-10-26,621,0.2675,MEDIUM,synthetic-pd-v1.0
RISKA0000194,CUST0000766,,2023-07-10,687,0.0807,MEDIUM,synthetic-pd-v1.0
RISKA0000195,CUST0000219,,2024-11-28,714,0.0457,LOW,synthetic-pd-v1.0
RISKA0000196,CUST0000896,,2026-07-06,625,0.2511,MEDIUM,synthetic-pd-v1.0
RISKA0000197,CUST0000793,,2023-12-02,629,0.2337,MEDIUM,synthetic-pd-v1.0
RISKA0000198,CUST0000026,,2021-10-29,667,0.1178,LOW,synthetic-pd-v1.0
RISKA0000199,CUST0000499,,2022-04-19,652,0.1569,MEDIUM,synthetic-pd-v1.0
RISKA0000200,CUST0000550,,2024-05-28,718,0.0419,LOW,synthetic-pd-v1.0
RISKA0000201,CUST0000112,,2022-09-22,714,0.0464,LOW,synthetic-pd-v1.0
RISKA0000202,CUST0000055,,2026-05-31,752,0.0205,LOW,synthetic-pd-v1.0
RISKA0000203,CUST0000740,,2022-11-27,623,0.2578,MEDIUM,synthetic-pd-v1.0
RISKA0000204,CUST0000566,,2025-08-23,637,0.2039,MEDIUM,synthetic-pd-v1.0
RISKA0000205,CUST0000256,,2026-02-16,713,0.0472,LOW,synthetic-pd-v1.0
RISKA0000206,CUST0000458,,2023-06-04,704,0.0569,LOW,synthetic-pd-v1.0
RISKA0000207,CUST0000682,,2022-12-12,646,0.1747,MEDIUM,synthetic-pd-v1.0
RISKA0000208,CUST0000496,,2024-01-22,633,0.2208,MEDIUM,synthetic-pd-v1.0
RISKA0000209,CUST0000615,,2026-02-27,716,0.0444,LOW,synthetic-pd-v1.0
RISKA0000210,CUST0000810,,2025-11-04,755,0.0194,LOW,synthetic-pd-v1.0
RISKA0000211,CUST0000022,,2022-05-19,483,0.8805,HIGH,synthetic-pd-v1.0
RISKA0000212,CUST0000905,,2022-05-08,613,0.304,MEDIUM,synthetic-pd-v1.0
RISKA0000213,CUST0000818,,2021-12-22,759,0.0178,LOW,synthetic-pd-v1.0
RISKA0000214,CUST0000309,,2025-07-01,743,0.025,LOW,synthetic-pd-v1.0
RISKA0000215,CUST0000857,,2025-07-01,587,0.4354,HIGH,synthetic-pd-v1.0
RISKA0000216,CUST0000712,,2025-04-09,648,0.1679,MEDIUM,synthetic-pd-v1.0
RISKA0000217,CUST0000144,,2023-06-16,714,0.0459,LOW,synthetic-pd-v1.0
RISKA0000218,CUST0000935,,2026-08-24,652,0.157,MEDIUM,synthetic-pd-v1.0
RISKA0000219,CUST0000194,,2023-01-14,601,0.3601,HIGH,synthetic-pd-v1.0
RISKA0000220,CUST0000527,,2025-09-08,579,0.4786,HIGH,synthetic-pd-v1.0
RISKA0000221,CUST0000857,,2026-05-06,609,0.3221,HIGH,synthetic-pd-v1.0
RISKA0000222,CUST0000577,,2022-10-07,620,0.2743,MEDIUM,synthetic-pd-v1.0
RISKA0000223,CUST0000675,,2025-09-02,655,0.1489,MEDIUM,synthetic-pd-v1.0
RISKA0000224,CUST0000441,,2025-08-09,708,0.0522,LOW,synthetic-pd-v1.0
RISKA0000225,CUST0000196,,2023-08-16,666,0.1206,MEDIUM,synthetic-pd-v1.0
RISKA0000226,CUST0000055,,2025-10-28,750,0.0217,LOW,synthetic-pd-v1.0
RISKA0000227,CUST0000421,,2025-09-06,699,0.062,LOW,synthetic-pd-v1.0
RISKA0000228,CUST0000609,,2021-10-08,598,0.3768,HIGH,synthetic-pd-v1.0
RISKA0000229,CUST0000579,,2025-03-21,748,0.0226,LOW,synthetic-pd-v1.0
RISKA0000230,CUST0000940,,2022-02-03,640,0.1954,MEDIUM,synthetic-pd-v1.0
RISKA0000231,CUST0000640,,2023-02-14,725,0.0369,LOW,synthetic-pd-v1.0
RISKA0000232,CUST0000210,,2026-07-20,722,0.0386,LOW,synthetic-pd-v1.0
RISKA0000233,CUST0000130,,2023-07-17,762,0.0167,LOW,synthetic-pd-v1.0
RISKA0000234,CUST0000201,,2026-05-21,647,0.171,MEDIUM,synthetic-pd-v1.0
RISKA0000235,CUST0001000,,2024-05-29,639,0.1971,MEDIUM,synthetic-pd-v1.0
RISKA0000236,CUST0000648,,2024-03-07,666,0.1209,MEDIUM,synthetic-pd-v1.0
RISKA0000237,CUST0000480,,2024-01-01,663,0.1268,MEDIUM,synthetic-pd-v1.0
RISKA0000238,CUST0000267,,2023-07-13,740,0.0267,LOW,synthetic-pd-v1.0
RISKA0000239,CUST0000024,,2021-11-17,774,0.0128,LOW,synthetic-pd-v1.0
RISKA0000240,CUST0000164,,2024-03-12,730,0.0331,LOW,synthetic-pd-v1.0
RISKA0000241,CUST0000682,,2025-06-06,638,0.2009,MEDIUM,synthetic-pd-v1.0
RISKA0000242,CUST0000996,,2022-09-05,733,0.031,LOW,synthetic-pd-v1.0
RISKA0000243,CUST0000946,,2022-05-11,744,0.0245,LOW,synthetic-pd-v1.0
RISKA0000244,CUST0000343,,2024-01-12,631,0.2263,MEDIUM,synthetic-pd-v1.0
RISKA0000245,CUST0000970,,2023-07-05,637,0.2052,MEDIUM,synthetic-pd-v1.0
RISKA0000246,CUST0000172,,2025-11-15,747,0.0231,LOW,synthetic-pd-v1.0
RISKA0000247,CUST0000265,,2025-04-18,672,0.1084,LOW,synthetic-pd-v1.0
RISKA0000248,CUST0000486,,2025-08-26,673,0.1064,MEDIUM,synthetic-pd-v1.0
RISKA0000249,CUST0000465,,2026-06-23,720,0.0403,LOW,synthetic-pd-v1.0
RISKA0000250,CUST0000785,,2022-09-24,739,0.0272,LOW,synthetic-pd-v1.0
RISKA0000251,CUST0000426,,2024-05-29,700,0.0617,LOW,synthetic-pd-v1.0
RISKA0000252,CUST0000298,,2026-01-19,720,0.0408,LOW,synthetic-pd-v1.0
RISKA0000253,CUST0000004,,2023-01-26,654,0.1528,MEDIUM,synthetic-pd-v1.0
RISKA0000254,CUST0000824,,2024-09-01,662,0.1302,MEDIUM,synthetic-pd-v1.0
RISKA0000255,CUST0000627,,2022-06-25,723,0.0381,LOW,synthetic-pd-v1.0
RISKA0000256,CUST0000187,,2025-06-18,745,0.0242,LOW,synthetic-pd-v1.0
RISKA0000257,CUST0000495,,2025-06-29,720,0.0408,LOW,synthetic-pd-v1.0
RISKA0000258,CUST0000529,,2022-02-13,587,0.4346,HIGH,synthetic-pd-v1.0
RISKA0000259,CUST0000948,,2022-02-08,707,0.0536,LOW,synthetic-pd-v1.0
RISKA0000260,CUST0000422,,2025-01-06,680,0.0924,LOW,synthetic-pd-v1.0
RISKA0000261,CUST0000305,,2025-12-07,613,0.3052,HIGH,synthetic-pd-v1.0
RISKA0000262,CUST0000619,,2021-12-26,744,0.0243,LOW,synthetic-pd-v1.0
RISKA0000263,CUST0000947,,2025-01-23,659,0.1378,MEDIUM,synthetic-pd-v1.0
RISKA0000264,CUST0000848,,2022-08-23,595,0.3929,HIGH,synthetic-pd-v1.0
RISKA0000265,CUST0000229,,2025-04-07,739,0.0271,LOW,synthetic-pd-v1.0
RISKA0000266,CUST0000275,,2021-11-07,761,0.0169,LOW,synthetic-pd-v1.0
RISKA0000267,CUST0000476,,2024-07-19,677,0.0981,MEDIUM,synthetic-pd-v1.0
RISKA0000268,CUST0000896,,2022-06-24,608,0.3265,HIGH,synthetic-pd-v1.0
RISKA0000269,CUST0000781,,2022-06-25,562,0.5718,HIGH,synthetic-pd-v1.0
RISKA0000270,CUST0000528,,2023-09-25,532,0.7187,HIGH,synthetic-pd-v1.0
RISKA0000271,CUST0000409,,2024-11-28,677,0.0977,LOW,synthetic-pd-v1.0
RISKA0000272,CUST0000397,,2023-09-14,682,0.089,MEDIUM,synthetic-pd-v1.0
RISKA0000273,CUST0000765,,2023-06-02,705,0.0555,LOW,synthetic-pd-v1.0
RISKA0000274,CUST0000662,,2024-03-13,759,0.0178,LOW,synthetic-pd-v1.0
RISKA0000275,CUST0000747,,2023-07-25,597,0.384,HIGH,synthetic-pd-v1.0
RISKA0000276,CUST0000504,,2022-06-30,608,0.3274,HIGH,synthetic-pd-v1.0
RISKA0000277,CUST0000945,,2026-07-05,565,0.5531,HIGH,synthetic-pd-v1.0
RISKA0000278,CUST0000317,,2026-01-21,701,0.0603,LOW,synthetic-pd-v1.0
RISKA0000279,CUST0000468,,2022-10-18,497,0.8467,HIGH,synthetic-pd-v1.0
RISKA0000280,CUST0000256,,2024-01-23,752,0.0206,LOW,synthetic-pd-v1.0
RISKA0000281,CUST0000574,,2024-10-06,789,0.0094,LOW,synthetic-pd-v1.0
RISKA0000282,CUST0000013,,2023-01-20,700,0.0619,LOW,synthetic-pd-v1.0
RISKA0000283,CUST0000275,,2022-11-10,738,0.0275,LOW,synthetic-pd-v1.0
RISKA0000284,CUST0000067,,2022-02-09,622,0.2619,MEDIUM,synthetic-pd-v1.0
RISKA0000285,CUST0000434,,2024-04-22,574,0.5065,HIGH,synthetic-pd-v1.0
RISKA0000286,CUST0000748,,2025-08-15,745,0.0239,LOW,synthetic-pd-v1.0
RISKA0000287,CUST0000197,,2022-12-25,642,0.1883,MEDIUM,synthetic-pd-v1.0
RISKA0000288,CUST0000892,,2024-10-24,661,0.1317,MEDIUM,synthetic-pd-v1.0
RISKA0000289,CUST0000897,,2021-10-02,702,0.0592,LOW,synthetic-pd-v1.0
RISKA0000290,CUST0000263,,2021-10-01,715,0.0453,LOW,synthetic-pd-v1.0
RISKA0000291,CUST0000399,,2024-03-15,753,0.02,LOW,synthetic-pd-v1.0
RISKA0000292,CUST0000796,,2022-01-11,534,0.7101,HIGH,synthetic-pd-v1.0
RISKA0000293,CUST0000845,,2026-07-17,665,0.1221,MEDIUM,synthetic-pd-v1.0
RISKA0000294,CUST0000646,,2024-03-13,719,0.0417,LOW,synthetic-pd-v1.0
RISKA0000295,CUST0000262,,2026-07-26,752,0.0204,LOW,synthetic-pd-v1.0
RISKA0000296,CUST0000134,,2022-02-23,704,0.0564,LOW,synthetic-pd-v1.0
RISKA0000297,CUST0000129,,2022-06-25,668,0.1168,MEDIUM,synthetic-pd-v1.0
RISKA0000298,CUST0000254,,2024-11-07,703,0.0572,LOW,synthetic-pd-v1.0
RISKA0000299,CUST0000697,,2024-08-26,695,0.0677,LOW,synthetic-pd-v1.0
RISKA0000300,CUST0000286,,2024-06-08,621,0.2694,MEDIUM,synthetic-pd-v1.0
RISKA0000301,CUST0000657,,2024-02-01,712,0.0484,LOW,synthetic-pd-v1.0
RISKA0000302,CUST0000439,,2022-06-06,774,0.0129,LOW,synthetic-pd-v1.0
RISKA0000303,CUST0000813,,2022-02-05,635,0.2115,MEDIUM,synthetic-pd-v1.0
RISKA0000304,CUST0000345,,2021-12-09,804,0.0068,LOW,synthetic-pd-v1.0
RISKA0000305,CUST0000233,,2026-06-02,688,0.078,MEDIUM,synthetic-pd-v1.0
RISKA0000306,CUST0000661,,2023-12-22,656,0.1459,MEDIUM,synthetic-pd-v1.0
RISKA0000307,CUST0000366,,2025-08-05,697,0.0658,LOW,synthetic-pd-v1.0
RISKA0000308,CUST0000708,,2022-12-08,687,0.0792,LOW,synthetic-pd-v1.0
RISKA0000309,CUST0000053,,2026-01-07,669,0.1136,MEDIUM,synthetic-pd-v1.0
RISKA0000310,CUST0000911,,2023-06-25,716,0.0442,LOW,synthetic-pd-v1.0
RISKA0000311,CUST0000172,,2021-10-05,766,0.0151,LOW,synthetic-pd-v1.0
RISKA0000312,CUST0000617,,2025-09-23,722,0.0386,LOW,synthetic-pd-v1.0
RISKA0000313,CUST0000848,,2023-09-06,589,0.4263,HIGH,synthetic-pd-v1.0
RISKA0000314,CUST0000516,,2025-08-16,695,0.0678,LOW,synthetic-pd-v1.0
RISKA0000315,CUST0000584,,2025-04-11,725,0.0363,LOW,synthetic-pd-v1.0
RISKA0000316,CUST0000018,,2025-08-21,690,0.0759,LOW,synthetic-pd-v1.0
RISKA0000317,CUST0000163,,2023-02-19,703,0.0581,LOW,synthetic-pd-v1.0
RISKA0000318,CUST0000095,,2025-12-28,657,0.1424,MEDIUM,synthetic-pd-v1.0
RISKA0000319,CUST0000408,,2022-10-11,797,0.0078,LOW,synthetic-pd-v1.0
RISKA0000320,CUST0000920,,2024-03-24,653,0.1549,MEDIUM,synthetic-pd-v1.0
RISKA0000321,CUST0000700,,2024-09-02,738,0.0277,LOW,synthetic-pd-v1.0
RISKA0000322,CUST0000062,,2023-05-06,760,0.0173,LOW,synthetic-pd-v1.0
RISKA0000323,CUST0000654,,2022-08-02,647,0.1717,MEDIUM,synthetic-pd-v1.0
RISKA0000324,CUST0000254,,2023-08-10,680,0.092,MEDIUM,synthetic-pd-v1.0
RISKA0000325,CUST0000454,,2024-01-13,631,0.2295,MEDIUM,synthetic-pd-v1.0
RISKA0000326,CUST0000750,,2022-11-11,732,0.0317,LOW,synthetic-pd-v1.0
RISKA0000327,CUST0000309,,2026-01-12,757,0.0186,LOW,synthetic-pd-v1.0
RISKA0000328,CUST0000897,,2024-10-26,688,0.0781,LOW,synthetic-pd-v1.0
RISKA0000329,CUST0000963,,2026-06-25,719,0.0411,LOW,synthetic-pd-v1.0
RISKA0000330,CUST0000653,,2023-02-05,596,0.389,HIGH,synthetic-pd-v1.0
RISKA0000331,CUST0000110,,2021-10-16,729,0.0335,LOW,synthetic-pd-v1.0
RISKA0000332,CUST0000134,,2024-08-28,720,0.0406,LOW,synthetic-pd-v1.0
RISKA0000333,CUST0000943,,2021-10-07,658,0.1397,MEDIUM,synthetic-pd-v1.0
RISKA0000334,CUST0000826,,2023-07-30,641,0.1902,MEDIUM,synthetic-pd-v1.0
RISKA0000335,CUST0000170,,2023-06-01,551,0.6281,HIGH,synthetic-pd-v1.0
RISKA0000336,CUST0000217,,2025-05-15,745,0.0237,LOW,synthetic-pd-v1.0
RISKA0000337,CUST0000249,,2022-09-19,708,0.0523,LOW,synthetic-pd-v1.0
RISKA0000338,CUST0000474,,2023-12-18,792,0.0086,LOW,synthetic-pd-v1.0
RISKA0000339,CUST0000161,,2025-02-17,604,0.3451,HIGH,synthetic-pd-v1.0
RISKA0000340,CUST0000773,,2024-12-29,713,0.0465,LOW,synthetic-pd-v1.0
RISKA0000341,CUST0000677,,2023-05-27,734,0.0305,LOW,synthetic-pd-v1.0
RISKA0000342,CUST0000244,,2021-09-08,719,0.0411,LOW,synthetic-pd-v1.0
RISKA0000343,CUST0000819,,2024-07-27,662,0.1307,MEDIUM,synthetic-pd-v1.0
RISKA0000344,CUST0000843,,2025-03-03,647,0.1714,MEDIUM,synthetic-pd-v1.0
RISKA0000345,CUST0000197,,2021-11-22,672,0.1065,MEDIUM,synthetic-pd-v1.0
RISKA0000346,CUST0000215,,2022-06-22,715,0.0449,LOW,synthetic-pd-v1.0
RISKA0000347,CUST0000216,,2023-04-17,735,0.0293,LOW,synthetic-pd-v1.0
RISKA0000348,CUST0000093,,2024-11-06,749,0.0221,LOW,synthetic-pd-v1.0
RISKA0000349,CUST0000161,,2025-09-15,622,0.2622,MEDIUM,synthetic-pd-v1.0
RISKA0000350,CUST0000580,,2022-02-12,629,0.235,MEDIUM,synthetic-pd-v1.0
RISKA0000351,CUST0000920,,2023-09-09,602,0.3552,HIGH,synthetic-pd-v1.0
RISKA0000352,CUST0000205,,2022-05-19,577,0.488,HIGH,synthetic-pd-v1.0
RISKA0000353,CUST0000919,,2023-07-15,720,0.0407,LOW,synthetic-pd-v1.0
RISKA0000354,CUST0000805,,2022-06-03,675,0.101,MEDIUM,synthetic-pd-v1.0
RISKA0000355,CUST0000144,,2022-11-05,705,0.0548,LOW,synthetic-pd-v1.0
RISKA0000356,CUST0000449,,2025-07-12,696,0.0669,LOW,synthetic-pd-v1.0
RISKA0000357,CUST0000947,,2026-04-30,646,0.1737,MEDIUM,synthetic-pd-v1.0
RISKA0000358,CUST0000519,,2023-06-30,718,0.0422,LOW,synthetic-pd-v1.0
RISKA0000359,CUST0000810,,2024-03-02,740,0.0263,LOW,synthetic-pd-v1.0
RISKA0000360,CUST0000716,,2022-03-23,709,0.0514,LOW,synthetic-pd-v1.0
RISKA0000361,CUST0000193,,2025-01-02,592,0.4098,HIGH,synthetic-pd-v1.0
RISKA0000362,CUST0000629,,2024-11-26,793,0.0085,LOW,synthetic-pd-v1.0
RISKA0000363,CUST0000276,,2023-08-01,769,0.0144,LOW,synthetic-pd-v1.0
RISKA0000364,CUST0000431,,2023-06-17,668,0.1165,MEDIUM,synthetic-pd-v1.0
RISKA0000365,CUST0000840,,2024-09-20,739,0.0272,LOW,synthetic-pd-v1.0
RISKA0000366,CUST0000325,,2025-11-17,709,0.051,LOW,synthetic-pd-v1.0
RISKA0000367,CUST0000267,,2026-08-24,712,0.0483,LOW,synthetic-pd-v1.0
RISKA0000368,CUST0000935,,2026-07-02,680,0.0917,LOW,synthetic-pd-v1.0
RISKA0000369,CUST0000514,,2025-02-28,535,0.7041,HIGH,synthetic-pd-v1.0
RISKA0000370,CUST0000625,,2023-02-26,778,0.0119,LOW,synthetic-pd-v1.0
RISKA0000371,CUST0000424,,2025-09-24,767,0.015,LOW,synthetic-pd-v1.0
RISKA0000372,CUST0000401,,2024-02-25,682,0.0875,LOW,synthetic-pd-v1.0
RISKA0000373,CUST0000678,,2025-08-16,650,0.1641,MEDIUM,synthetic-pd-v1.0
RISKA0000374,CUST0000774,,2023-09-10,718,0.0424,LOW,synthetic-pd-v1.0
RISKA0000375,CUST0000056,,2026-01-24,769,0.0144,LOW,synthetic-pd-v1.0
RISKA0000376,CUST0000262,,2024-10-16,741,0.0258,LOW,synthetic-pd-v1.0
RISKA0000377,CUST0000777,,2022-02-02,784,0.0105,LOW,synthetic-pd-v1.0
RISKA0000378,CUST0000470,,2024-03-31,734,0.0303,LOW,synthetic-pd-v1.0
RISKA0000379,CUST0000174,,2022-05-09,663,0.1272,MEDIUM,synthetic-pd-v1.0
RISKA0000380,CUST0000255,,2022-09-19,703,0.0581,LOW,synthetic-pd-v1.0
RISKA0000381,CUST0000143,,2023-12-25,712,0.0477,LOW,synthetic-pd-v1.0
RISKA0000382,CUST0000609,,2025-05-14,580,0.4726,HIGH,synthetic-pd-v1.0
RISKA0000383,CUST0000973,,2024-12-04,754,0.0196,LOW,synthetic-pd-v1.0
RISKA0000384,CUST0000139,,2024-02-13,652,0.1584,MEDIUM,synthetic-pd-v1.0
RISKA0000385,CUST0000988,,2022-12-17,703,0.0582,LOW,synthetic-pd-v1.0
RISKA0000386,CUST0000381,,2026-06-23,643,0.186,MEDIUM,synthetic-pd-v1.0
RISKA0000387,CUST0000803,,2024-03-29,720,0.0403,LOW,synthetic-pd-v1.0
RISKA0000388,CUST0000855,,2022-04-11,712,0.0483,MEDIUM,synthetic-pd-v1.0
RISKA0000389,CUST0000305,,2025-10-20,670,0.1124,MEDIUM,synthetic-pd-v1.0
RISKA0000390,CUST0000473,,2023-08-13,695,0.0675,MEDIUM,synthetic-pd-v1.0
RISKA0000391,CUST0000075,,2021-11-16,695,0.0684,LOW,synthetic-pd-v1.0
RISKA0000392,CUST0000252,,2026-06-29,716,0.0438,LOW,synthetic-pd-v1.0
RISKA0000393,CUST0000898,,2023-07-24,790,0.009,LOW,synthetic-pd-v1.0
RISKA0000394,CUST0000427,,2022-05-03,603,0.3497,HIGH,synthetic-pd-v1.0
RISKA0000395,CUST0000331,,2024-03-31,735,0.0297,LOW,synthetic-pd-v1.0
RISKA0000396,CUST0000371,,2024-12-11,656,0.1457,MEDIUM,synthetic-pd-v1.0
RISKA0000397,CUST0000792,,2024-10-20,712,0.0477,LOW,synthetic-pd-v1.0
RISKA0000398,CUST0000119,,2025-08-31,713,0.0465,LOW,synthetic-pd-v1.0
RISKA0000399,CUST0000374,,2026-06-05,630,0.231,MEDIUM,synthetic-pd-v1.0
RISKA0000400,CUST0000784,,2023-12-14,777,0.012,LOW,synthetic-pd-v1.0
RISKA0000401,CUST0000950,,2024-03-19,696,0.0666,LOW,synthetic-pd-v1.0
RISKA0000402,CUST0000768,,2025-04-28,756,0.0187,LOW,synthetic-pd-v1.0
RISKA0000403,CUST0000195,,2025-08-20,734,0.0302,LOW,synthetic-pd-v1.0
RISKA0000404,CUST0000880,,2024-07-31,752,0.0205,LOW,synthetic-pd-v1.0
RISKA0000405,CUST0000142,,2022-06-06,755,0.0191,LOW,synthetic-pd-v1.0
RISKA0000406,CUST0000511,,2025-05-17,533,0.7157,HIGH,synthetic-pd-v1.0
RISKA0000407,CUST0000226,,2024-08-21,781,0.0111,LOW,synthetic-pd-v1.0
RISKA0000408,CUST0000678,,2022-08-21,656,0.1467,MEDIUM,synthetic-pd-v1.0
RISKA0000409,CUST0000778,,2026-05-15,737,0.0283,LOW,synthetic-pd-v1.0
RISKA0000410,CUST0000596,,2026-05-08,762,0.0168,LOW,synthetic-pd-v1.0
RISKA0000411,CUST0000531,,2026-04-20,715,0.0448,LOW,synthetic-pd-v1.0
RISKA0000412,CUST0000579,,2024-12-03,780,0.0114,LOW,synthetic-pd-v1.0
RISKA0000413,CUST0000987,,2026-04-16,677,0.0966,MEDIUM,synthetic-pd-v1.0
RISKA0000414,CUST0000238,,2023-05-11,789,0.0094,LOW,synthetic-pd-v1.0
RISKA0000415,CUST0000064,,2023-12-24,685,0.0824,LOW,synthetic-pd-v1.0
RISKA0000416,CUST0000608,,2024-05-16,751,0.0212,LOW,synthetic-pd-v1.0
RISKA0000417,CUST0000787,,2026-07-07,733,0.0309,LOW,synthetic-pd-v1.0
RISKA0000418,CUST0000637,,2022-03-25,699,0.0631,LOW,synthetic-pd-v1.0
RISKA0000419,CUST0000073,,2022-06-21,627,0.2425,MEDIUM,synthetic-pd-v1.0
RISKA0000420,CUST0000673,,2026-01-15,689,0.0775,LOW,synthetic-pd-v1.0
RISKA0000421,CUST0000969,,2024-05-05,602,0.359,HIGH,synthetic-pd-v1.0
RISKA0000422,CUST0000844,,2022-07-05,545,0.6566,HIGH,synthetic-pd-v1.0
RISKA0000423,CUST0000721,,2023-04-08,609,0.3221,HIGH,synthetic-pd-v1.0
RISKA0000424,CUST0000877,,2025-06-18,572,0.5144,HIGH,synthetic-pd-v1.0
RISKA0000425,CUST0000787,,2023-08-16,640,0.1939,MEDIUM,synthetic-pd-v1.0
RISKA0000426,CUST0000498,,2026-03-25,759,0.0176,LOW,synthetic-pd-v1.0
RISKA0000427,CUST0000817,,2022-08-31,670,0.1122,LOW,synthetic-pd-v1.0
RISKA0000428,CUST0000009,,2024-10-26,611,0.3117,HIGH,synthetic-pd-v1.0
RISKA0000429,CUST0000445,,2024-05-03,615,0.2936,MEDIUM,synthetic-pd-v1.0
RISKA0000430,CUST0000525,,2022-03-04,675,0.1007,MEDIUM,synthetic-pd-v1.0
RISKA0000431,CUST0000144,,2024-02-16,735,0.0294,LOW,synthetic-pd-v1.0
RISKA0000432,CUST0000336,,2023-08-24,639,0.1992,MEDIUM,synthetic-pd-v1.0
RISKA0000433,CUST0000269,,2026-05-24,707,0.0537,LOW,synthetic-pd-v1.0
RISKA0000434,CUST0000136,,2023-05-08,642,0.1879,MEDIUM,synthetic-pd-v1.0
RISKA0000435,CUST0000721,,2026-08-24,597,0.3829,HIGH,synthetic-pd-v1.0
RISKA0000436,CUST0000457,,2025-11-28,697,0.0656,LOW,synthetic-pd-v1.0
RISKA0000437,CUST0000342,,2024-11-11,688,0.0782,MEDIUM,synthetic-pd-v1.0
RISKA0000438,CUST0000553,,2023-08-13,591,0.4156,HIGH,synthetic-pd-v1.0
RISKA0000439,CUST0000993,,2026-02-12,747,0.023,LOW,synthetic-pd-v1.0
RISKA0000440,CUST0000778,,2024-10-05,736,0.0289,LOW,synthetic-pd-v1.0
RISKA0000441,CUST0000952,,2026-04-14,741,0.0258,LOW,synthetic-pd-v1.0
RISKA0000442,CUST0000031,,2026-06-03,824,0.0043,LOW,synthetic-pd-v1.0
RISKA0000443,CUST0000116,,2025-02-13,521,0.7661,HIGH,synthetic-pd-v1.0
RISKA0000444,CUST0000180,,2024-12-01,651,0.1599,MEDIUM,synthetic-pd-v1.0
RISKA0000445,CUST0000449,,2024-01-03,670,0.1121,LOW,synthetic-pd-v1.0
RISKA0000446,CUST0000575,,2024-03-09,638,0.202,MEDIUM,synthetic-pd-v1.0
RISKA0000447,CUST0000120,,2024-06-26,691,0.0739,LOW,synthetic-pd-v1.0
RISKA0000448,CUST0000486,,2022-12-18,709,0.0505,LOW,synthetic-pd-v1.0
RISKA0000449,CUST0000751,,2024-04-23,772,0.0135,LOW,synthetic-pd-v1.0
RISKA0000450,CUST0000500,,2026-03-14,739,0.0273,LOW,synthetic-pd-v1.0
RISKA0000451,CUST0000499,,2026-02-15,631,0.2263,MEDIUM,synthetic-pd-v1.0
RISKA0000452,CUST0000459,,2023-09-18,674,0.1043,LOW,synthetic-pd-v1.0
RISKA0000453,CUST0000520,,2022-05-26,668,0.116,MEDIUM,synthetic-pd-v1.0
RISKA0000454,CUST0000815,,2023-04-12,643,0.1848,MEDIUM,synthetic-pd-v1.0
RISKA0000455,CUST0000698,,2026-04-14,784,0.0105,LOW,synthetic-pd-v1.0
RISKA0000456,CUST0000531,,2026-08-20,747,0.0227,LOW,synthetic-pd-v1.0
RISKA0000457,CUST0000481,,2023-10-14,621,0.2676,MEDIUM,synthetic-pd-v1.0
RISKA0000458,CUST0000296,,2024-07-25,631,0.2263,MEDIUM,synthetic-pd-v1.0
RISKA0000459,CUST0000986,,2022-05-28,739,0.0274,LOW,synthetic-pd-v1.0
RISKA0000460,CUST0000734,,2025-02-13,685,0.0828,LOW,synthetic-pd-v1.0
RISKA0000461,CUST0000875,,2026-08-24,569,0.5343,HIGH,synthetic-pd-v1.0
RISKA0000462,CUST0000586,,2024-08-23,586,0.4428,HIGH,synthetic-pd-v1.0
RISKA0000463,CUST0000070,,2026-08-07,623,0.2589,MEDIUM,synthetic-pd-v1.0
RISKA0000464,CUST0000707,,2024-05-12,707,0.0533,LOW,synthetic-pd-v1.0
RISKA0000465,CUST0000777,,2024-02-26,758,0.0182,LOW,synthetic-pd-v1.0
RISKA0000466,CUST0000470,,2025-01-10,749,0.0218,LOW,synthetic-pd-v1.0
RISKA0000467,CUST0000605,,2023-10-31,787,0.0097,LOW,synthetic-pd-v1.0
RISKA0000468,CUST0000397,,2024-09-17,679,0.0945,LOW,synthetic-pd-v1.0
RISKA0000469,CUST0000879,,2024-03-26,587,0.4369,HIGH,synthetic-pd-v1.0
RISKA0000470,CUST0000116,,2025-07-02,511,0.8004,HIGH,synthetic-pd-v1.0
RISKA0000471,CUST0000007,,2023-06-20,630,0.2321,MEDIUM,synthetic-pd-v1.0
RISKA0000472,CUST0000670,,2022-06-30,714,0.0459,LOW,synthetic-pd-v1.0
RISKA0000473,CUST0000725,,2024-12-20,700,0.0609,LOW,synthetic-pd-v1.0
RISKA0000474,CUST0000012,,2024-02-08,611,0.3124,HIGH,synthetic-pd-v1.0
RISKA0000475,CUST0000581,,2024-02-27,614,0.297,HIGH,synthetic-pd-v1.0
RISKA0000476,CUST0000981,,2023-05-19,531,0.7236,HIGH,synthetic-pd-v1.0
RISKA0000477,CUST0000646,,2025-05-25,753,0.0204,LOW,synthetic-pd-v1.0
RISKA0000478,CUST0000452,,2022-11-13,685,0.0829,LOW,synthetic-pd-v1.0
RISKA0000479,CUST0000818,,2025-06-02,770,0.0139,LOW,synthetic-pd-v1.0
RISKA0000480,CUST0000342,,2025-09-15,686,0.0813,LOW,synthetic-pd-v1.0
RISKA0000481,CUST0000615,,2025-02-20,691,0.0732,LOW,synthetic-pd-v1.0
RISKA0000482,CUST0000118,,2024-07-08,666,0.1219,MEDIUM,synthetic-pd-v1.0
RISKA0000483,CUST0000387,,2022-06-11,716,0.0441,LOW,synthetic-pd-v1.0
RISKA0000484,CUST0000174,,2023-12-07,578,0.4862,HIGH,synthetic-pd-v1.0
RISKA0000485,CUST0000419,,2025-05-20,671,0.1095,MEDIUM,synthetic-pd-v1.0
RISKA0000486,CUST0000711,,2026-03-23,665,0.1235,MEDIUM,synthetic-pd-v1.0
RISKA0000487,CUST0000035,,2022-09-26,718,0.042,LOW,synthetic-pd-v1.0
RISKA0000488,CUST0000441,,2026-02-12,714,0.0457,LOW,synthetic-pd-v1.0
RISKA0000489,CUST0000987,,2022-04-25,628,0.2377,MEDIUM,synthetic-pd-v1.0
RISKA0000490,CUST0000999,,2026-03-22,748,0.0223,LOW,synthetic-pd-v1.0
RISKA0000491,CUST0000612,,2021-11-29,703,0.0577,LOW,synthetic-pd-v1.0
RISKA0000492,CUST0000778,,2024-12-17,720,0.0405,LOW,synthetic-pd-v1.0
RISKA0000493,CUST0000125,,2022-09-21,714,0.0458,LOW,synthetic-pd-v1.0
RISKA0000494,CUST0000897,,2023-06-23,722,0.0387,LOW,synthetic-pd-v1.0
RISKA0000495,CUST0000572,,2021-12-14,712,0.0479,LOW,synthetic-pd-v1.0
RISKA0000496,CUST0000536,,2023-07-04,707,0.0535,LOW,synthetic-pd-v1.0
RISKA0000497,CUST0000478,,2025-05-20,645,0.1771,MEDIUM,synthetic-pd-v1.0
RISKA0000498,CUST0000398,,2021-10-20,553,0.6188,HIGH,synthetic-pd-v1.0
RISKA0000499,CUST0000391,,2022-06-29,692,0.0728,LOW,synthetic-pd-v1.0
RISKA0000500,CUST0000030,,2026-01-24,726,0.0361,LOW,synthetic-pd-v1.0
RISKA0000501,CUST0000722,,2026-03-21,680,0.0921,LOW,synthetic-pd-v1.0
RISKA0000502,CUST0000942,,2023-03-11,670,0.1117,LOW,synthetic-pd-v1.0
RISKA0000503,CUST0000790,,2026-08-24,687,0.0805,LOW,synthetic-pd-v1.0
RISKA0000504,CUST0000513,,2023-06-30,638,0.202,MEDIUM,synthetic-pd-v1.0
RISKA0000505,CUST0000845,,2026-04-30,634,0.215,MEDIUM,synthetic-pd-v1.0
RISKA0000506,CUST0000999,,2024-03-06,735,0.0299,LOW,synthetic-pd-v1.0
RISKA0000507,CUST0000842,,2024-08-23,640,0.1944,MEDIUM,synthetic-pd-v1.0
RISKA0000508,CUST0000645,,2026-01-09,718,0.0424,LOW,synthetic-pd-v1.0
RISKA0000509,CUST0000553,,2026-06-01,575,0.5014,HIGH,synthetic-pd-v1.0
RISKA0000510,CUST0000840,,2024-03-20,754,0.0196,LOW,synthetic-pd-v1.0
RISKA0000511,CUST0000485,,2023-09-09,748,0.0223,LOW,synthetic-pd-v1.0
RISKA0000512,CUST0000930,,2023-05-23,689,0.0773,LOW,synthetic-pd-v1.0
RISKA0000513,CUST0000186,,2023-03-21,737,0.0284,LOW,synthetic-pd-v1.0
RISKA0000514,CUST0000967,,2022-03-24,741,0.0259,LOW,synthetic-pd-v1.0
RISKA0000515,CUST0000687,,2023-09-10,735,0.0294,LOW,synthetic-pd-v1.0
RISKA0000516,CUST0000386,,2025-07-11,659,0.1367,MEDIUM,synthetic-pd-v1.0
RISKA0000517,CUST0000215,,2023-02-25,714,0.0462,LOW,synthetic-pd-v1.0
RISKA0000518,CUST0000295,,2022-07-01,682,0.0882,MEDIUM,synthetic-pd-v1.0
RISKA0000519,CUST0000250,,2022-12-13,626,0.2456,MEDIUM,synthetic-pd-v1.0
RISKA0000520,CUST0000513,,2023-08-13,680,0.0926,LOW,synthetic-pd-v1.0
RISKA0000521,CUST0000430,,2022-03-13,693,0.0709,LOW,synthetic-pd-v1.0
RISKA0000522,CUST0000223,,2021-11-12,515,0.7884,HIGH,synthetic-pd-v1.0
RISKA0000523,CUST0000185,,2022-07-25,636,0.208,MEDIUM,synthetic-pd-v1.0
RISKA0000524,CUST0000423,,2021-12-13,742,0.0258,LOW,synthetic-pd-v1.0
RISKA0000525,CUST0000586,,2024-10-23,602,0.3571,HIGH,synthetic-pd-v1.0
RISKA0000526,CUST0000728,,2025-06-05,729,0.0339,LOW,synthetic-pd-v1.0
RISKA0000527,CUST0000150,,2025-08-18,629,0.2372,MEDIUM,synthetic-pd-v1.0
RISKA0000528,CUST0000076,,2025-09-08,687,0.0799,LOW,synthetic-pd-v1.0
RISKA0000529,CUST0000336,,2023-08-16,646,0.1761,MEDIUM,synthetic-pd-v1.0
RISKA0000530,CUST0000775,,2021-09-05,574,0.5034,HIGH,synthetic-pd-v1.0
RISKA0000531,CUST0000886,,2022-11-29,788,0.0095,LOW,synthetic-pd-v1.0
RISKA0000532,CUST0000102,,2025-08-19,733,0.0312,LOW,synthetic-pd-v1.0
RISKA0000533,CUST0000745,,2021-10-24,641,0.1912,MEDIUM,synthetic-pd-v1.0
RISKA0000534,CUST0000260,,2022-02-17,590,0.4163,HIGH,synthetic-pd-v1.0
RISKA0000535,CUST0000990,,2026-01-06,725,0.0365,LOW,synthetic-pd-v1.0
RISKA0000536,CUST0000716,,2023-02-15,705,0.0553,LOW,synthetic-pd-v1.0
RISKA0000537,CUST0000738,,2023-08-25,611,0.3145,HIGH,synthetic-pd-v1.0
RISKA0000538,CUST0000069,,2022-11-30,663,0.1276,LOW,synthetic-pd-v1.0
RISKA0000539,CUST0000836,,2024-09-30,755,0.0192,LOW,synthetic-pd-v1.0
RISKA0000540,CUST0000176,,2024-11-18,498,0.8441,HIGH,synthetic-pd-v1.0
RISKA0000541,CUST0000938,,2026-05-23,679,0.0929,LOW,synthetic-pd-v1.0
RISKA0000542,CUST0000524,,2024-01-10,747,0.023,LOW,synthetic-pd-v1.0
RISKA0000543,CUST0000145,,2024-01-24,672,0.1078,MEDIUM,synthetic-pd-v1.0
RISKA0000544,CUST0000560,,2021-12-24,399,0.9792,HIGH,synthetic-pd-v1.0
RISKA0000545,CUST0000787,,2026-05-06,703,0.0577,LOW,synthetic-pd-v1.0
RISKA0000546,CUST0000184,,2025-01-02,670,0.1125,MEDIUM,synthetic-pd-v1.0
RISKA0000547,CUST0000194,,2022-11-08,611,0.3155,HIGH,synthetic-pd-v1.0
RISKA0000548,CUST0000272,,2026-05-14,695,0.0673,LOW,synthetic-pd-v1.0
RISKA0000549,CUST0000869,,2024-10-06,676,0.1001,MEDIUM,synthetic-pd-v1.0
RISKA0000550,CUST0000056,,2021-10-09,752,0.0205,LOW,synthetic-pd-v1.0
RISKA0000551,CUST0000250,,2021-11-19,622,0.266,MEDIUM,synthetic-pd-v1.0
RISKA0000552,CUST0000551,,2024-04-29,780,0.0113,LOW,synthetic-pd-v1.0
RISKA0000553,CUST0000528,,2026-02-19,504,0.8237,HIGH,synthetic-pd-v1.0
RISKA0000554,CUST0000585,,2022-12-30,704,0.0565,LOW,synthetic-pd-v1.0
RISKA0000555,CUST0000291,,2025-02-16,739,0.0269,LOW,synthetic-pd-v1.0
RISKA0000556,CUST0000344,,2021-09-26,693,0.0709,LOW,synthetic-pd-v1.0
RISKA0000557,CUST0000294,,2026-03-04,587,0.4335,HIGH,synthetic-pd-v1.0
RISKA0000558,CUST0000230,,2022-02-01,742,0.0258,LOW,synthetic-pd-v1.0
RISKA0000559,CUST0000936,,2025-08-13,774,0.0128,LOW,synthetic-pd-v1.0
RISKA0000560,CUST0000586,,2023-05-07,612,0.3103,HIGH,synthetic-pd-v1.0
RISKA0000561,CUST0000302,,2023-06-14,746,0.0236,LOW,synthetic-pd-v1.0
RISKA0000562,CUST0000703,,2022-09-21,632,0.2251,MEDIUM,synthetic-pd-v1.0
RISKA0000563,CUST0000102,,2022-01-23,769,0.0144,LOW,synthetic-pd-v1.0
RISKA0000564,CUST0000072,,2025-07-16,625,0.2531,MEDIUM,synthetic-pd-v1.0
RISKA0000565,CUST0000644,,2023-08-01,776,0.0123,LOW,synthetic-pd-v1.0
RISKA0000566,CUST0000016,,2025-05-15,775,0.0127,LOW,synthetic-pd-v1.0
RISKA0000567,CUST0000727,,2026-08-24,661,0.1322,MEDIUM,synthetic-pd-v1.0
RISKA0000568,CUST0000705,,2026-02-10,637,0.2064,MEDIUM,synthetic-pd-v1.0
RISKA0000569,CUST0000356,,2023-10-31,828,0.004,LOW,synthetic-pd-v1.0
RISKA0000570,CUST0000978,,2022-05-14,706,0.0547,LOW,synthetic-pd-v1.0
RISKA0000571,CUST0000958,,2022-05-03,697,0.0652,LOW,synthetic-pd-v1.0
RISKA0000572,CUST0000746,,2026-07-29,672,0.1067,LOW,synthetic-pd-v1.0
RISKA0000573,CUST0000283,,2023-01-16,714,0.0464,LOW,synthetic-pd-v1.0
RISKA0000574,CUST0000650,,2022-09-10,727,0.035,LOW,synthetic-pd-v1.0
RISKA0000575,CUST0000691,,2023-11-18,607,0.3305,MEDIUM,synthetic-pd-v1.0
RISKA0000576,CUST0000527,,2026-02-27,646,0.1763,MEDIUM,synthetic-pd-v1.0
RISKA0000577,CUST0000612,,2023-11-30,657,0.1434,MEDIUM,synthetic-pd-v1.0
RISKA0000578,CUST0000933,,2024-12-10,682,0.088,LOW,synthetic-pd-v1.0
RISKA0000579,CUST0000761,,2023-12-28,647,0.1708,MEDIUM,synthetic-pd-v1.0
RISKA0000580,CUST0000043,,2023-07-23,760,0.0173,LOW,synthetic-pd-v1.0
RISKA0000581,CUST0000139,,2024-01-23,639,0.1981,MEDIUM,synthetic-pd-v1.0
RISKA0000582,CUST0000313,,2023-11-14,647,0.1715,MEDIUM,synthetic-pd-v1.0
RISKA0000583,CUST0000079,,2023-11-01,715,0.0452,LOW,synthetic-pd-v1.0
RISKA0000584,CUST0000946,,2021-12-07,774,0.0128,LOW,synthetic-pd-v1.0
RISKA0000585,CUST0000870,,2024-05-24,724,0.0372,LOW,synthetic-pd-v1.0
RISKA0000586,CUST0000245,,2025-10-02,749,0.0219,LOW,synthetic-pd-v1.0
RISKA0000587,CUST0000806,,2025-05-08,693,0.0705,LOW,synthetic-pd-v1.0
RISKA0000588,CUST0000011,,2024-05-07,708,0.0516,LOW,synthetic-pd-v1.0
RISKA0000589,CUST0000707,,2026-07-01,720,0.0404,LOW,synthetic-pd-v1.0
RISKA0000590,CUST0000055,,2022-12-31,762,0.0167,LOW,synthetic-pd-v1.0
RISKA0000591,CUST0000800,,2022-06-01,662,0.1292,MEDIUM,synthetic-pd-v1.0
RISKA0000592,CUST0000444,,2024-01-06,524,0.7535,HIGH,synthetic-pd-v1.0
RISKA0000593,CUST0000507,,2022-06-05,768,0.0146,LOW,synthetic-pd-v1.0
RISKA0000594,CUST0000421,,2022-03-11,712,0.0475,LOW,synthetic-pd-v1.0
RISKA0000595,CUST0000607,,2023-05-13,694,0.07,LOW,synthetic-pd-v1.0
RISKA0000596,CUST0000248,,2022-04-01,662,0.1299,LOW,synthetic-pd-v1.0
RISKA0000597,CUST0000222,,2024-07-15,768,0.0147,LOW,synthetic-pd-v1.0
RISKA0000598,CUST0000244,,2026-03-26,732,0.0316,LOW,synthetic-pd-v1.0
RISKA0000599,CUST0000820,,2025-09-14,641,0.1909,MEDIUM,synthetic-pd-v1.0
RISKA0000600,CUST0000675,,2025-12-09,667,0.1174,MEDIUM,synthetic-pd-v1.0
RISKA0000601,CUST0000135,,2024-11-23,777,0.0119,LOW,synthetic-pd-v1.0
RISKA0000602,CUST0000494,,2022-02-07,801,0.0072,LOW,synthetic-pd-v1.0
RISKA0000603,CUST0000534,,2023-10-28,707,0.053,LOW,synthetic-pd-v1.0
RISKA0000604,CUST0000392,,2025-12-29,761,0.017,LOW,synthetic-pd-v1.0
RISKA0000605,CUST0000763,,2024-08-17,740,0.0266,LOW,synthetic-pd-v1.0
RISKA0000606,CUST0000268,,2025-11-26,599,0.3705,HIGH,synthetic-pd-v1.0
