loan_id,application_id,customer_id,loan_amount,interest_rate,term_months,start_date,maturity_date,loan_status,monthly_payment
LOAN0000001,APP0001156,CUST0000112,5400.06,9.78,24,2026-03-09,2028-03-08,Active,248.64
LOAN0000002,APP0001271,CUST0000552,1075.56,16.55,36,2023-09-01,2026-08-31,Active,38.11
LOAN0000003,APP0000915,CUST0000556,56835.22,12.68,36,2025-02-12,2028-02-12,Active,1906.25
LOAN0000004,APP0001110,CUST0000293,8111.51,10.57,12,2023-06-13,2024-06-12,Paid Off,715.28
LOAN0000005,APP0000865,CUST0000678,753.01,14.51,36,2025-03-30,2025-02-19,Active,25.92
LOAN0000006,APP0001352,CUST0000969,19252.61,9.99,48,2026-06-25,2030-06-25,Active,488.2
LOAN0000007,APP0000832,CUST0000718,20288.38,11.56,36,2025-01-11,2028-01-11,Active,669.61
LOAN0000008,APP0000613,CUST0000974,3295.85,14.56,60,2024-05-09,2029-05-09,Active,77.65
LOAN0000009,APP0000479,CUST0000316,4451.56,8.19,24,2023-06-06,2025-06-05,Paid Off,201.72
LOAN0000010,APP0000611,CUST0000577,35419.25,4.81,12,2023-01-14,2024-01-14,Paid Off,3029.07
LOAN0000011,APP0000275,CUST0000175,4040.1,9.49,72,2026-06-28,2032-06-27,Active,73.81
LOAN0000012,APP0001066,CUST0000725,32618.8,10.19,72,2022-03-22,2028-03-21,Active,607.42
LOAN0000013,APP0000075,CUST0000091,59621.87,6.72,36,2024-09-02,2027-09-02,Active,1833.33
LOAN0000014,APP0000833,CUST0000247,4491.77,12.86,36,2026-08-27,2029-08-26,Delinquent,151.04
LOAN0000015,APP0001229,CUST0000311,11484.24,5.73,72,2025-10-06,2031-10-06,Active,188.87
LOAN0000016,APP0000184,CUST0000359,17403.53,7.97,48,2024-03-14,2028-03-14,Active,424.63
LOAN0000017,APP0000120,CUST0000733,14253.79,8.34,24,2022-02-18,2024-02-18,Paid Off,646.87
LOAN0000018,APP0001402,CUST0000266,5410.24,10.75,24,2026-05-08,2028-05-07,Active,251.53
LOAN0000019,APP0001008,CUST0000441,,5.39,24,2022-01-29,2024-01-29,Paid Off,2083.16
LOAN0000020,APP0000944,CUST0000574,21419.91,8.31,60,2024-04-25,2029-04-25,Active,437.5
LOAN0000021,APP0000048,CUST0000826,1485.13,11.53,48,2024-04-18,2028-04-18,Active,38.77
LOAN0000022,APP0000744,CUST0000637,2333.49,12.77,36,2021-12-26,2024-12-25,Paid Off,78.37
LOAN0000023,APP0001053,CUST0000556,19506.33,8.73,24,2025-01-22,2027-01-22,Active,888.73
LOAN0000024,APP0000824,CUST0000510,22108.82,6.9,24,2025-12-29,2027-12-29,Active,988.87
LOAN0000025,APP0000538,CUST0000636,18967.98,9.53,60,2025-02-28,2030-02-28,Active,398.64
LOAN0000026,APP0000299,CUST0000233,56221.53,9.48,72,2023-06-17,2029-06-16,Active,1026.87
LOAN0000027,APP0001189,CUST0000457,9523.76,9.66,48,2021-11-20,2025-11-20,Paid Off,240.0
LOAN0000028,APP0000573,CUST0000016,10043.93,6.58,60,2022-10-22,2027-10-22,Active,196.9
LOAN0000029,APP0001424,CUST0000434,21345.51,10.97,36,2025-04-16,2028-04-15,Active,698.52
LOAN0000030,APP0001139,CUST0000694,38340.12,7.42,48,2025-07-07,2029-07-07,Active,925.59
LOAN0000031,APP0000771,CUST0000787,38278.36,7.69,36,2022-03-19,2025-03-18,Paid Off,1194.04
LOAN0000032,APP0001297,CUST0000569,17371.63,7.25,12,2025-01-14,2026-01-14,Paid Off,1505.11
LOAN0000033,APP0000674,CUST0000373,70278.98,13.66,36,2023-02-20,2026-02-19,Paid Off,2390.38
LOAN0000034,APP0001155,CUST0000621,7450.2,11.9,72,2022-01-11,2028-01-11,Active,145.27
LOAN0000035,APP0000153,CUST0000788,21922.6,9.94,12,2022-07-04,2023-07-04,Paid Off,1926.73
LOAN0000036,APP0001387,CUST0000435,19207.18,11.75,36,2026-04-08,2029-04-07,Active,635.66
LOAN0000037,APP0000802,CUST0000595,1788.34,13.65,72,2025-12-08,2031-12-08,Active,36.52
LOAN0000038,APP0000908,CUST0000515,7599.05,12.18,60,2025-08-15,2030-08-15,Active,169.73
LOAN0000039,APP0001362,CUST0000941,37692.29,8.79,36,2023-03-26,2026-03-25,Paid Off,1194.92
LOAN0000040,APP0000956,CUST0000456,6383.5,8.07,24,2026-04-11,2028-04-10,Active,288.91
LOAN0000041,APP0000283,CUST0000778,28375.58,4.47,72,2023-05-13,2029-05-12,Defaulted,450.04
LOAN0000042,APP0000096,CUST0000954,11373.45,8.7,24,2023-05-22,2025-05-21,Paid Off,518.03
LOAN0000043,APP0000623,CUST0000911,6721.1,8.04,24,2024-09-07,2026-09-07,Active,304.1
LOAN0000044,APP0000397,CUST0000363,34903.29,6.69,24,2023-02-02,2025-02-01,Paid Off,1557.81
LOAN0000045,APP0000192,CUST0000566,28863.92,8.35,36,2024-12-13,2027-12-13,Active,909.16
LOAN0000046,APP0000247,CUST0000361,47434.95,8.22,48,2022-10-17,2026-10-17,Active,1162.93
LOAN0000047,APP0000381,CUST0000212,9569.86,9.14,60,2022-04-15,2027-04-15,Active,199.31
LOAN0000048,APP0000064,CUST0000676,11951.63,7.69,36,2026-03-18,2029-03-17,Defaulted,372.81
LOAN0000049,APP0000946,CUST0000064,25684.03,9.52,84,2026-07-05,2033-07-04,Active,420.04
LOAN0000050,APP0000786,CUST0000550,10712.78,9.49,48,2026-02-11,2030-02-11,Active,269.09
LOAN0000051,APP0000456,CUST0000838,60460.23,7.93,48,2022-04-23,2026-04-23,Paid Off,1474.03
LOAN0000052,APP0000306,CUST0000697,28506.57,11.82,24,2021-10-23,2023-10-23,Paid Off,1339.51
LOAN0000053,APP0000246,CUST0000300,18733.16,4.86,24,2025-09-25,2027-09-25,Active,820.68
LOAN0000054,APP0000177,CUST0000039,41159.09,11.14,48,2025-09-27,2029-09-27,Active,1066.58
LOAN0000055,APP0000514,CUST0000726,19505.57,8.45,60,2022-02-26,2027-02-26,Active,399.72
LOAN0000056,APP0000705,CUST0000793,3044.95,13.31,24,2024-06-21,2026-06-21,Paid Off,145.21
LOAN0000057,APP0000365,CUST0000816,14000.06,8.45,36,2023-03-26,2026-03-25,Paid Off,441.62
LOAN0000058,APP0001052,CUST0000978,30361.79,4.98,36,2022-06-19,2025-06-18,Paid Off,909.7
LOAN0000059,APP0001349,CUST0000961,43946.26,7.78,36,2022-09-23,2025-09-22,Paid Off,1372.66
LOAN0000060,APP0000807,CUST0000626,535.69,13.72,24,2025-06-03,2027-06-03,Active,25.65
LOAN0000061,APP0000571,CUST0000973,7772.32,8.2,24,2026-01-22,2028-01-22,Active,352.23
LOAN0000062,APP0000560,CUST0000397,9755.65,8.83,36,2024-01-30,2027-01-29,Active,309.46
LOAN0000063,APP0001377,CUST0000024,5787.71,7.9,72,2024-08-18,2030-08-18,Active,101.19
LOAN0000064,APP0000353,CUST0000818,25532.16,6.47,60,2023-10-07,2028-10-06,Active,499.21
LOAN0000065,APP0000548,CUST0000934,8646.47,9.19,24,2025-08-15,2027-08-15,Active,395.77
LOAN0000066,APP0000310,CUST0000604,3250.57,4.54,12,2023-01-17,2024-01-17,Paid Off,277.59
LOAN0000067,APP0000225,CUST0000465,14180.95,6.34,36,2025-12-07,2028-12-06,Active,433.6
LOAN0000068,APP0000091,CUST0000510,-31410.49,6.14,24,2022-04-14,2024-04-13,Paid Off,1394.11
LOAN0000069,APP0000859,CUST0000061,6434.24,13.2,60,2025-04-02,2030-04-02,Active,147.06
LOAN0000070,APP0001291,CUST0000916,17949.73,11.59,36,2024-01-21,2027-01-20,Active,592.68
LOAN0000071,APP0001332,CUST0000250,9449.76,13.22,72,2022-03-23,2028-03-22,Active,190.79
LOAN0000072,APP0000140,CUST0000349,17400.91,10.78,24,2022-08-08,2024-08-07,Paid Off,809.24
LOAN0000073,APP0000201,CUST0000266,6253.62,9.38,84,2022-12-06,2029-12-05,Active,101.83
LOAN0000074,APP0000697,CUST0000096,15494.65,9.57,60,2024-03-08,2029-03-08,Defaulted,325.95
LOAN0000075,APP0001067,CUST0000330,12928.56,14.01,60,2024-09-30,2029-09-30,Active,300.89
LOAN0000076,APP0001239,CUST0000869,16874.28,5.41,84,2024-02-27,2031-02-26,Active,241.76
LOAN0000077,APP0001001,CUST0000473,5279.73,10.29,36,2025-08-21,2028-08-20,Active,171.08
LOAN0000078,APP0000604,CUST0000726,-24716.19,8.48,24,2022-12-22,2024-12-21,Paid Off,1123.26
LOAN0000079,APP0000251,CUST0000763,2705.65,9.38,36,2026-07-04,2029-07-03,Active,86.52
LOAN0000080,APP0000416,CUST0000004,43433.55,6.76,60,2023-03-19,2028-03-18,Active,855.13
LOAN0000081,APP0001270,CUST0000682,20826.41,9.24,72,2022-05-20,2028-05-19,Active,377.89
LOAN0000082,APP0000672,CUST0000198,26984.76,9.58,36,2026-03-02,2029-03-01,Active,865.41
LOAN0000083,APP0000327,CUST0000233,62272.32,8.21,60,2026-05-24,2031-05-24,Active,1268.93
LOAN0000084,APP0001489,CUST0000835,32792.26,7.81,24,2024-06-02,2026-06-02,Paid Off,1480.27
LOAN0000085,APP0001217,CUST0000020,39164.39,11.41,24,2023-03-10,2025-03-09,Paid Off,1832.83
LOAN0000086,APP0001328,CUST0000622,24154.45,7.55,48,2026-02-13,2030-02-13,Defaulted,584.59
LOAN0000087,APP0000424,CUST0000889,8771.39,10.91,36,2024-02-04,2027-02-03,Active,286.79
LOAN0000088,APP0000484,CUST0000710,39744.95,8.83,24,2023-07-20,2025-07-19,Paid Off,1812.64
LOAN0000089,APP0000851,CUST0000928,13087.14,6.95,60,2024-02-17,2029-02-16,Active,258.83
LOAN0000090,APP0001279,CUST0000721,8124.87,11.92,48,2022-05-21,2026-05-21,Paid Off,213.64
LOAN0000091,APP0000452,CUST0000953,17554.34,6.63,48,2024-02-15,2028-02-15,Active,417.35
LOAN0000092,APP0000254,CUST0000314,14605.47,,24,2022-06-01,2024-05-31,Paid Off,657.71
LOAN0000093,APP0001065,CUST0000513,576.48,16.16,24,2026-09-03,2028-09-02,Active,28.27
LOAN0000094,APP0000830,CUST0000345,28336.16,10.62,60,2022-05-01,2027-05-01,Active,610.74
LOAN0000095,APP0000078,CUST0000488,8824.78,7.78,72,2025-12-06,2031-12-06,Active,153.78
LOAN0000096,APP0000494,CUST0000078,17467.42,10.66,24,2022-08-28,2024-08-27,Paid Off,811.36
LOAN0000097,APP0001125,CUST0000674,1998.0,8.77,60,2025-06-11,2030-06-11,Active,41.25
LOAN0000098,APP0000640,CUST0000913,9981.81,8.56,60,2024-05-28,2029-05-28,Active,205.08
LOAN0000099,APP0000015,CUST0000232,5878.72,9.93,60,2023-03-15,2028-03-14,Active,124.7
LOAN0000100,APP0000660,CUST0000084,52364.03,7.98,48,2022-02-22,2026-02-22,Paid Off,1277.87
LOAN0000101,APP0000621,CUST0000422,14474.44,11.8,36,2025-09-15,2028-09-14,Active,479.38
LOAN0000102,APP0001180,CUST0000551,31931.9,7.24,60,2021-10-20,2026-10-20,Active,635.91
LOAN0000103,APP0000599,CUST0000671,,7.5,36,2024-01-29,2027-01-28,Active,280.45
LOAN0000104,APP0000793,CUST0000488,4387.38,8.61,24,2023-09-25,2025-09-24,Paid Off,199.65
LOAN0000105,APP0001434,CUST0000330,39213.44,10.67,36,2025-06-24,2028-06-23,Defaulted,1277.68
LOAN0000106,APP0001466,CUST0000453,25207.86,6.74,36,2026-03-13,2029-03-12,Active,775.35
LOAN0000107,APP0000522,CUST0000522,13256.66,6.8,48,2026-03-01,2030-03-01,Active,316.22
LOAN0000108,APP0001308,CUST0000303,5659.21,13.54,72,2024-05-31,2030-05-31,Active,115.22
LOAN0000109,APP0001331,CUST0000993,13291.28,7.57,36,2024-12-10,2027-12-10,Active,413.87
LOAN0000110,APP0000795,CUST0000466,13515.58,9.73,36,2023-08-23,2026-08-22,Paid Off,434.4
LOAN0000111,APP0001185,CUST0000196,44553.27,5.51,84,2023-10-07,2030-10-06,Active,640.44
LOAN0000112,APP0000831,CUST0000398,5740.32,13.85,24,2024-09-30,2026-09-30,Defaulted,275.2
LOAN0000113,APP0000507,CUST0000804,3247.6,15.74,12,2024-01-27,2025-01-26,Paid Off,294.26
LOAN0000114,APP0000735,CUST0000879,11804.11,7.4,72,2024-06-22,2030-06-22,Active,203.52
LOAN0000115,APP0000491,CUST0000780,8865.94,9.79,84,2023-08-13,2030-08-12,Defaulted,146.22
LOAN0000116,APP0000122,CUST0000269,12176.64,10.16,60,2025-10-28,2030-10-28,Delinquent,259.68
LOAN0000117,APP0000402,CUST0000975,13700.24,13.77,36,2024-05-31,2027-05-31,Defaulted,466.71
LOAN0000118,APP0000654,CUST0000545,8445.93,8.6,48,2024-02-06,2028-02-06,Active,208.58
LOAN0000119,APP0000947,CUST0000188,40270.73,8.2,60,2022-01-14,2027-01-14,Defaulted,820.41
LOAN0000120,APP0000718,CUST0000484,18798.67,6.54,72,2022-10-13,2028-10-12,Active,316.36
LOAN0000121,APP0000872,CUST0000032,14642.34,11.51,24,2022-05-12,2024-05-11,Paid Off,685.92
LOAN0000122,APP0001445,CUST0000253,31980.84,7.91,72,2022-04-04,2028-04-03,Active,559.32
LOAN0000123,APP0000607,CUST0000662,11633.27,6.7,48,2025-03-23,2029-03-23,Active,276.96
LOAN0000124,APP0001302,CUST0000801,7987.7,13.45,12,2022-06-26,2023-06-26,Paid Off,715.13
LOAN0000125,APP0000138,CUST0000580,3869.12,10.6,24,2025-01-07,2027-01-07,Active,179.61
LOAN0000126,APP0000503,CUST0000058,35109.7,10.36,12,2023-10-11,2024-10-10,Paid Off,3092.58
LOAN0000127,APP0000742,CUST0000994,14768.52,8.56,84,2026-03-15,2033-03-14,Active,234.33
LOAN0000128,APP0000480,CUST0000660,8859.28,10.21,36,2026-04-24,2029-04-23,Active,286.74
LOAN0000129,APP0000250,CUST0000236,20837.75,11.07,60,2022-09-08,2027-09-08,Delinquent,453.79
LOAN0000130,APP0001412,CUST0000431,6465.99,10.79,12,2025-12-31,2026-12-31,Active,570.84
LOAN0000131,APP0001295,CUST0000115,2994.11,9.23,60,2023-02-03,2028-02-03,Active,62.49
LOAN0000132,APP0000711,CUST0000669,19308.05,10.6,36,2024-02-15,2027-02-14,Active,628.47
LOAN0000133,APP0000633,CUST0000758,20860.37,8.15,72,2024-06-18,2030-06-18,Active,367.28
LOAN0000134,APP0000743,CUST0000241,15524.9,7.26,48,2024-08-05,2028-08-05,Active,373.64
LOAN0000135,APP0000587,CUST0000757,9746.55,6.89,60,2025-07-14,2030-07-14,Active,192.49
LOAN0000136,APP0000893,CUST0000678,2263.24,14.59,48,2022-03-14,2026-03-14,Paid Off,62.52
LOAN0000137,APP0000905,CUST0000463,46623.59,8.52,48,2025-08-19,2029-08-19,Active,1149.63
LOAN0000138,APP0000728,CUST0000052,19475.13,10.92,84,2023-07-05,2030-07-04,Active,332.64
LOAN0000139,APP0000359,CUST0000859,19870.47,8.5,36,2023-11-10,2026-11-09,Active,627.26
LOAN0000140,APP0000789,CUST0000221,4358.42,11.06,72,2023-08-25,2029-08-24,Active,83.09
LOAN0000141,APP0000300,CUST0000292,,10.26,12,2025-10-17,2026-10-17,Active,2633.83
LOAN0000142,APP0000167,CUST0000897,17923.53,10.52,48,2024-01-20,2028-01-20,Active,459.08
LOAN0000143,APP0000295,CUST0000791,8745.24,9.44,72,2023-07-23,2029-07-22,Delinquent,159.55
LOAN0000144,APP0001170,CUST0000143,9804.74,10.59,72,2021-09-16,2027-09-16,Active,184.57
LOAN0000145,APP0000143,CUST0000538,39060.24,6.82,36,2022-01-20,2025-01-19,Paid Off,1202.85
LOAN0000146,APP0000376,CUST0000606,48638.37,7.22,36,2023-06-25,2026-06-24,Paid Off,1506.71
LOAN0000147,APP0000499,CUST0000364,6771.19,11.98,60,2022-01-26,2027-01-26,Active,150.55
LOAN0000148,APP0001408,CUST0000105,71100.84,10.51,36,2021-10-08,2024-10-07,Paid Off,2311.29
LOAN0000149,APP0000534,CUST0000764,33361.26,6.22,72,2023-04-10,2029-04-09,Active,556.36
LOAN0000150,APP0000227,CUST0000901,9512.0,6.02,24,2023-08-17,2025-08-16,Paid Off,421.66
LOAN0000151,APP0000019,CUST0000118,2575.39,9.79,12,2023-08-02,2024-08-01,Paid Off,226.17
LOAN0000152,APP0000564,CUST0000805,28343.9,-5.91,60,2023-07-17,2028-07-16,Active,546.78
LOAN0000153,APP0000512,CUST0000245,10086.88,7.54,36,2024-01-23,2027-01-22,Active,313.95
LOAN0000154,APP0000438,CUST0000605,6612.94,11.71,36,2024-02-06,2027-02-05,Active,218.73
LOAN0000155,APP0000535,CUST0000067,8899.7,9.69,36,2025-06-30,2028-06-29,Active,285.87
LOAN0000156,APP0000662,CUST0000047,1045.42,,84,2022-01-13,2029-01-12,Active,19.97
LOAN0000157,APP0001369,CUST0000083,14025.3,8.63,48,2025-06-26,2029-06-26,Active,346.56
LOAN0000158,APP0001461,CUST0000766,15288.85,9.3,84,2026-05-24,2033-05-23,Defaulted,248.32
LOAN0000159,APP0001043,CUST0000902,1363.82,14.93,36,2022-05-23,2025-05-22,Paid Off,47.23
LOAN0000160,APP0001371,CUST0000148,2177.31,15.9,36,2023-03-17,2026-03-16,Paid Off,76.44
LOAN0000161,APP0000415,CUST0000522,30814.0,7.92,24,2021-11-27,2023-11-27,Paid Off,1392.51
LOAN0000162,APP0001075,CUST0000866,16176.6,11.47,36,2024-10-18,2027-10-18,Active,533.21
LOAN0000163,APP0000649,CUST0000003,,8.32,12,2022-11-15,2023-11-15,Paid Off,488.31
LOAN0000164,APP0000596,CUST0000966,41385.73,5.69,12,2022-12-28,2023-12-28,Paid Off,3556.03
LOAN0000165,APP0000806,CUST0000907,1380.87,15.51,36,2023-04-29,2026-04-28,Paid Off,48.21
LOAN0000166,APP0001433,CUST0000612,11355.09,13.57,60,2026-03-24,2031-03-24,Delinquent,261.69
LOAN0000167,APP0000469,CUST0000260,31778.13,6.56,36,2023-11-07,2026-11-06,Active,974.84
LOAN0000168,APP0001325,CUST0000850,20376.72,6.98,48,2022-10-31,2026-10-31,Active,487.76
LOAN0000169,APP0000278,CUST0000889,32791.87,7.03,36,2022-03-21,2025-03-20,Paid Off,1012.97
LOAN0000170,APP0001303,CUST0000156,54189.2,6.82,48,2023-08-16,2027-08-16,Active,1293.11
LOAN0000171,APP0001230,CUST0000710,5759.24,9.13,60,2025-12-02,2030-12-02,Active,119.92
LOAN0000172,APP0000274,CUST0000692,7953.2,7.64,60,2025-05-30,2030-05-30,Active,159.9
LOAN0000173,APP0001157,CUST0000500,2125.77,6.67,60,2022-11-27,2022-11-16,Active,41.76
LOAN0000174,APP0000983,CUST0000976,48163.15,4.73,24,2025-08-11,2027-08-11,Active,2107.17
LOAN0000175,APP0000466,CUST0000265,11340.38,5.92,36,2025-07-01,2028-06-30,Active,344.59
LOAN0000176,APP0001122,CUST0000098,32467.05,7.74,60,2023-12-28,2028-12-27,Active,654.28
LOAN0000177,APP0000476,CUST0000681,5519.4,10.77,84,2025-03-28,2032-03-27,Delinquent,93.84
LOAN0000178,APP0001457,CUST0000675,40208.7,7.03,48,2024-08-14,2028-08-14,Active,963.41
LOAN0000179,APP0001108,CUST0000796,2162.21,16.21,36,2024-04-25,2027-04-25,Active,76.24
LOAN0000180,APP0000422,CUST0000371,20924.29,7.78,60,2025-07-11,2030-07-11,Active,422.07
LOAN0000181,APP0000911,CUST0000393,7159.32,8.8,84,2025-03-22,2032-03-21,Active,114.46
LOAN0000182,APP0001048,CUST0000834,1124.8,16.05,36,2024-12-15,2027-12-15,Defaulted,39.57
LOAN0000183,APP0000394,CUST0000713,13141.52,7.05,24,2022-01-21,2024-01-21,Paid Off,588.68
LOAN0000184,APP0000398,CUST0000347,24965.08,6.41,60,2023-10-11,2028-10-10,Active,487.42
LOAN0000185,APP0001061,CUST0000327,4146.67,10.58,60,2024-02-09,2029-02-08,Active,89.29
LOAN0000186,APP0000840,CUST0000776,-15352.12,12.55,24,2026-02-13,2028-02-13,Active,726.63
LOAN0000187,APP0000301,CUST0000518,6159.44,10.85,36,2024-09-06,2027-09-06,Defaulted,201.21
LOAN0000188,APP0000257,CUST0000979,14730.44,6.48,48,2022-03-11,2026-03-11,Paid Off,349.2
LOAN0000189,APP0000901,CUST0000937,64728.33,6.53,60,2025-10-05,2030-10-05,Active,1267.39
LOAN0000190,APP0000886,CUST0000337,,,60,2023-10-27,2028-10-26,Active,293.17
LOAN0000191,APP0001265,CUST0000044,42926.81,8.83,24,2023-12-01,2025-11-30,Paid Off,1957.75
LOAN0000192,APP0000965,CUST0000222,18637.69,6.97,24,2022-08-13,2024-08-12,Paid Off,834.2
LOAN0000193,APP0000190,CUST0000003,21131.16,11.69,60,2023-01-26,2028-01-26,Active,466.75
LOAN0000194,APP0000072,CUST0000341,21325.8,13.02,24,2023-11-08,2025-11-07,Paid Off,1014.07
LOAN0000195,APP0000725,CUST0000180,16426.72,6.63,36,2022-08-12,2025-08-11,Paid Off,504.44
LOAN0000196,APP0000471,CUST0000862,10073.14,13.41,48,2025-03-17,2029-03-17,Delinquent,272.29
LOAN0000197,APP0000685,CUST0000932,3165.69,15.3,36,2025-10-20,2028-10-19,Active,110.21
LOAN0000198,APP0000943,CUST0000959,21313.41,6.3,60,2025-04-09,2030-04-09,Active,415.03
LOAN0000199,APP0000920,CUST0000422,2600.35,7.56,12,2022-09-27,2023-09-27,Paid Off,225.67
LOAN0000200,APP0001415,CUST0000200,11374.81,13.8,60,2023-05-24,2028-05-23,Active,263.49
LOAN0000201,APP0000630,CUST0000283,25431.85,9.66,48,2023-04-30,2027-04-30,Active,640.87
LOAN0000202,APP0000347,CUST0000060,2699.74,7.97,48,2023-01-21,2027-01-21,Defaulted,65.87
LOAN0000203,APP0000566,CUST0000928,27896.42,7.24,72,2025-10-11,2031-10-11,Active,478.83
LOAN0000204,APP0001492,CUST0000209,15244.48,8.12,24,2026-08-05,2028-08-04,Active,690.3
LOAN0000205,APP0000395,CUST0000080,35347.28,7.59,60,2022-11-26,2027-11-26,Active,709.8
LOAN0000206,APP0000161,CUST0000997,3379.09,8.52,24,2024-10-24,2026-10-24,Defaulted,153.63
LOAN0000207,APP0000047,CUST0000383,54160.85,11.29,84,2023-04-17,2030-04-16,Active,935.64
LOAN0000208,APP0001131,CUST0000886,7933.48,5.93,12,2024-07-09,2025-07-09,Paid Off,682.55
LOAN0000209,APP0000008,CUST0000225,11558.07,10.4,48,2024-07-07,2028-07-07,Active,295.37
LOAN0000210,APP0001327,CUST0000782,7228.78,7.13,24,2024-11-16,2026-11-16,Active,324.08
LOAN0000211,APP0000202,CUST0000060,19751.22,6.98,36,2022-10-26,2025-10-25,Paid Off,609.68
LOAN0000212,APP0000292,CUST0000244,14035.07,10.12,24,2021-09-16,2023-09-16,Paid Off,648.42
LOAN0000213,APP0000291,CUST0000023,25792.44,6.58,24,2022-03-27,2024-03-26,Paid Off,1149.89
LOAN0000214,APP0000077,CUST0000290,10250.97,6.17,12,2023-05-18,2024-05-17,Paid Off,883.07
LOAN0000215,APP0000719,CUST0000448,21926.63,8.53,12,2022-05-14,2023-05-14,Paid Off,1912.74
LOAN0000216,APP0000715,CUST0000899,27082.24,7.74,60,2024-02-19,2029-02-18,Active,545.77
LOAN0000217,APP0000717,CUST0000492,22375.49,6.3,36,2025-04-04,2028-04-03,Active,683.75
LOAN0000218,APP0000700,CUST0000200,9951.81,7.65,12,2024-02-02,2025-02-01,Paid Off,864.08
LOAN0000219,APP0001284,CUST0000901,18433.41,11.81,72,2026-01-23,2032-01-23,Active,358.56
LOAN0000220,APP0000245,CUST0000997,20102.62,11.0,48,2025-05-03,2029-05-03,Active,519.56
LOAN0000221,APP0001218,CUST0000720,18227.62,9.5,24,2024-10-25,2026-10-25,Active,836.91
LOAN0000222,APP0001188,CUST0000435,11127.8,14.75,36,2024-06-27,2027-06-27,Delinquent,384.39
LOAN0000223,APP0001244,CUST0000379,5370.64,11.26,36,2025-01-04,2028-01-04,Active,176.49
LOAN0000224,APP0000879,CUST0000556,41445.26,10.15,48,2024-08-24,2028-08-24,Delinquent,1054.15
LOAN0000225,APP0000012,CUST0000127,4212.31,6.25,72,2025-05-16,2031-05-16,Active,70.31
LOAN0000226,APP0001040,CUST0000893,3686.76,14.31,48,2023-01-31,2027-01-31,Delinquent,101.32
LOAN0000227,APP0001114,CUST0000949,13548.96,8.3,84,2024-09-17,2031-09-17,Active,213.21
LOAN0000228,APP0000160,CUST0000683,60692.57,6.48,60,2026-05-11,2031-05-11,Active,1186.95
LOAN0000229,APP0000403,CUST0000179,2290.36,12.98,84,2023-05-05,2030-05-04,Active,41.64
LOAN0000230,APP0001336,CUST0000869,11621.28,5.71,48,2024-01-23,2028-01-23,Active,271.38
LOAN0000231,APP0001474,CUST0000896,20186.83,9.69,48,2024-10-08,2028-10-08,Defaulted,508.99
LOAN0000232,APP0001179,CUST0000762,1286.48,14.57,60,2021-09-22,2026-09-22,Defaulted,30.32
LOAN0000233,APP0000165,CUST0000781,101062.86,10.06,60,2023-07-24,2028-07-23,Active,2150.27
LOAN0000234,APP0001363,CUST0000396,2670.26,10.48,12,2021-10-09,2022-10-09,Paid Off,235.35
LOAN0000235,APP0000449,CUST0000767,29809.88,8.76,24,2026-01-03,2028-01-03,Active,1358.58
LOAN0000236,APP0001443,CUST0000945,2617.8,12.54,24,2023-04-23,2025-04-22,Paid Off,123.89
LOAN0000237,APP0000364,CUST0000988,29351.87,8.59,24,2023-06-24,2025-06-23,Paid Off,1335.42
LOAN0000238,APP0000533,CUST0000420,20251.98,7.15,72,2024-10-01,2030-10-01,Active,346.74
LOAN0000239,APP0001022,CUST0000856,-8003.53,7.52,60,2024-12-09,2029-12-09,Active,160.45
LOAN0000240,APP0000219,CUST0000608,11834.33,7.75,24,2024-07-20,2026-07-20,Paid Off,533.89
LOAN0000241,APP0000670,CUST0000791,12431.26,7.52,36,2025-09-23,2028-09-22,Active,386.8
LOAN0000242,APP0001447,CUST0000420,15936.58,6.75,24,2024-05-14,2026-05-14,Paid Off,711.72
LOAN0000243,APP0001499,CUST0000094,11953.21,5.29,60,2023-05-10,2028-05-09,Active,227.16
LOAN0000244,APP0001176,CUST0000562,34700.15,12.29,72,2024-06-30,2030-06-30,Active,683.64
LOAN0000245,APP0001438,CUST0000346,35332.26,8.28,24,2023-01-22,2025-01-21,Paid Off,1602.5
LOAN0000246,APP0000126,CUST0000874,29985.63,9.95,36,2022-02-08,2025-02-07,Paid Off,966.85
LOAN0000247,APP0001148,CUST0000511,1900.12,10.41,84,2026-05-10,2033-05-09,Active,31.95
LOAN0000248,APP0000906,CUST0000569,10927.79,9.23,48,2023-03-08,2027-03-08,Active,273.13
LOAN0000249,APP0001383,CUST0000632,68300.95,6.09,72,2023-01-10,2029-01-09,Active,1134.85
LOAN0000250,APP0000714,CUST0000398,5650.68,14.56,36,2025-11-29,2028-11-28,Active,194.67
LOAN0000251,APP0000726,CUST0000975,17654.8,7.33,24,2025-06-27,2027-06-27,Active,793.09
LOAN0000252,APP0000119,CUST0000521,79902.76,,60,2023-05-23,2028-05-22,Active,1682.41
LOAN0000253,APP0000828,CUST0000066,8810.05,4.46,24,2023-05-24,2025-05-23,Paid Off,384.38
LOAN0000254,APP0001196,CUST0000296,21671.97,9.0,60,2024-07-26,2029-07-26,Active,449.87
LOAN0000255,APP0000029,CUST0000491,19012.81,7.31,60,2024-04-07,2029-04-07,Active,379.26
LOAN0000256,APP0001333,CUST0000931,2762.93,14.03,36,2022-12-26,2025-12-25,Paid Off,94.47
LOAN0000257,APP0000204,CUST0000699,30321.61,13.09,36,2023-09-25,2026-09-24,Active,1022.97
LOAN0000258,APP0000058,CUST0000009,32240.2,8.02,60,2026-08-19,2031-08-19,Active,654.02
LOAN0000259,APP0000898,CUST0000175,20911.96,10.58,72,2025-03-24,2031-03-24,Active,393.56
LOAN0000260,APP0000392,CUST0001000,703.87,16.26,36,2026-08-07,2029-08-06,Active,24.84
LOAN0000261,APP0001435,CUST0000085,13603.31,8.5,60,2026-05-14,2031-05-14,Active,279.09
LOAN0000262,APP0000055,CUST0000208,2603.53,14.52,24,2026-02-03,2028-02-03,Active,125.64
LOAN0000263,APP0000111,CUST0000966,28264.08,5.42,72,2023-04-11,2029-04-10,Active,460.72
LOAN0000264,APP0000774,CUST0000776,21285.07,10.2,60,2026-08-03,2031-08-03,Active,454.34
LOAN0000265,APP0001427,CUST0000461,38169.6,9.48,24,2024-06-03,2026-06-03,Paid Off,1752.19
LOAN0000266,APP0000637,CUST0000220,14498.14,12.23,60,2024-05-11,2029-05-11,Active,324.19
LOAN0000267,APP0001398,CUST0000745,5400.95,12.76,60,2025-09-09,2030-09-09,Defaulted,122.23
LOAN0000268,APP0000354,CUST0000062,2719.8,12.18,60,2024-12-06,2029-12-06,Active,60.75
LOAN0000269,APP0000602,CUST0000018,20497.17,8.39,36,2026-08-03,2029-08-02,Active,646.0
LOAN0000270,APP0000267,CUST0000115,9445.34,7.24,60,2025-09-15,2030-09-15,Active,188.1
LOAN0000271,APP0000594,CUST0000310,49891.44,7.61,60,2022-04-02,2027-04-02,Active,1002.33
LOAN0000272,APP0001409,CUST0000177,7568.4,11.22,36,2022-03-02,2025-03-01,Paid Off,248.57
LOAN0000273,APP0000979,CUST0000955,,8.33,24,2021-12-27,2023-12-27,Paid Off,1128.57
LOAN0000274,APP0001283,CUST0000327,6173.94,13.46,72,2023-10-04,2029-10-03,Delinquent,125.44
LOAN0000275,APP0000346,CUST0000306,15211.1,9.87,48,2023-07-16,2027-07-16,Defaulted,384.84
LOAN0000276,APP0000323,CUST0000832,20036.03,7.66,36,2026-07-21,2029-07-20,Active,624.72
LOAN0000277,APP0001294,CUST0000636,15132.02,10.8,72,2025-10-04,2031-10-04,Defaulted,286.48
LOAN0000278,APP0000783,CUST0000535,2383.7,10.18,24,2025-11-26,2027-11-26,Active,110.19
LOAN0000279,APP0000826,CUST0000696,1202.94,15.58,60,2023-07-25,2028-07-24,Active,28.99
LOAN0000280,APP0000987,CUST0000816,32652.1,6.63,36,2025-02-10,2028-02-10,Active,1002.69
LOAN0000281,APP9195198,CUST0000194,2627.12,6.15,12,2023-08-19,2024-08-18,Paid Off,226.29
LOAN0000282,APP0000063,CUST0000724,,6.62,84,2023-07-24,2030-07-23,Active,67.12
LOAN0000283,APP0000070,CUST0000045,2827.39,8.35,60,2022-08-14,2027-08-14,Active,57.8
LOAN0000284,APP0000034,CUST0000557,22992.64,7.08,24,2025-04-02,2027-04-02,Active,1030.27
LOAN0000285,APP0000570,CUST0000506,7534.03,-8.48,72,2024-07-14,2030-07-14,Active,133.87
LOAN0000286,APP0000595,CUST0000607,24572.71,9.46,72,2023-07-23,2029-07-22,Delinquent,448.57
LOAN0000287,APP0000927,CUST0000874,64453.36,9.3,60,2025-06-11,2030-06-11,Active,1347.35
LOAN0000288,APP0001355,CUST0000370,10671.96,6.65,24,2024-05-20,2026-05-20,Paid Off,476.12
LOAN0000289,APP0000095,CUST0000790,17337.72,7.19,24,2025-06-10,2027-06-10,Defaulted,777.75
LOAN0000290,APP0000776,CUST0000757,33114.92,6.61,60,2021-11-13,2026-11-13,Active,649.64
LOAN0000291,APP0001407,CUST0000987,24585.6,7.45,72,2024-03-30,2030-03-30,Active,424.49
LOAN0000292,APP0001261,CUST0000778,77337.15,7.16,24,2022-07-19,2024-07-18,Paid Off,3468.2
LOAN0000293,APP0000090,CUST0000376,4808.19,7.75,36,2026-01-11,2029-01-10,Active,150.12
LOAN0000294,APP0000866,CUST0000925,10133.3,6.63,24,2021-10-09,2023-10-09,Paid Off,452.0
LOAN0000295,APP0000707,CUST0000369,19641.46,10.53,36,2023-04-04,2026-04-03,Paid Off,638.67
LOAN0000296,APP0000636,CUST0000997,12033.61,10.11,48,2024-10-07,2028-10-07,Active,305.84
LOAN0000297,APP0001247,CUST0000925,33494.7,6.39,12,2025-06-16,2026-06-16,Paid Off,2888.78
LOAN0000298,APP0001234,CUST0000259,42075.72,10.75,48,2026-04-21,2030-04-21,Delinquent,1082.37
LOAN0000299,APP0000377,CUST0000136,19403.25,9.41,48,2021-10-06,2025-10-06,Paid Off,486.64
LOAN0000300,APP0000385,CUST0000058,92348.66,7.85,36,2026-05-18,2029-05-17,Active,2887.49
LOAN0000301,APP0000039,CUST0000438,9164.4,7.87,72,2025-08-04,2031-08-04,Active,160.1
LOAN0000302,APP0001168,CUST0000408,5712.69,6.58,24,2026-01-05,2028-01-05,Active,254.69
LOAN0000303,APP0001272,CUST0000179,9363.85,7.29,12,2025-10-21,2026-10-21,Active,811.48
LOAN0000304,APP0000985,CUST0000594,8321.84,13.92,36,2025-03-23,2028-03-22,Active,284.1
LOAN0000305,APP0000341,CUST0000286,1371.77,9.93,48,2023-11-23,2027-11-23,Active,34.75
LOAN0000306,APP0000332,CUST0000956,13172.12,9.56,24,2024-01-04,2026-01-03,Paid Off,605.15
LOAN0000307,APP0000619,CUST0000607,48378.22,4.98,84,2025-12-17,2032-12-16,Active,683.32
LOAN0000308,APP0000314,CUST0000188,15211.2,6.86,24,2025-03-30,2027-03-30,Active,680.08
LOAN0000309,APP0000028,CUST0000107,70756.57,7.16,24,2024-03-11,2026-03-11,Paid Off,3173.09
LOAN0000310,APP0000934,CUST0000432,16958.87,10.3,60,2025-01-22,2030-01-22,Delinquent,362.83
LOAN0000311,APP0000703,CUST0000689,10151.18,9.24,72,2023-06-24,2029-06-23,Active,184.19
LOAN0000312,APP0000074,CUST0000352,40239.87,6.17,48,2026-08-19,2030-08-19,Active,948.17
LOAN0000313,APP0000401,CUST0000400,3379.5,9.57,12,2025-12-18,2026-12-18,Active,296.44
LOAN0000314,APP0001238,CUST0000362,60680.69,6.72,36,2026-01-21,2029-01-20,Active,1865.88
LOAN0000315,APP0000182,CUST0000259,20534.34,11.55,24,2021-11-29,2023-11-29,Paid Off,962.31
LOAN0000316,APP0000349,CUST0000547,10822.67,6.77,48,2025-10-25,2029-10-25,Active,258.01
LOAN0000317,APP0000519,CUST0000372,50806.45,9.88,60,2025-06-01,2030-06-01,Active,1076.49
LOAN0000318,APP0000002,CUST0000451,41682.75,12.24,36,2022-08-13,2025-08-12,Paid Off,1389.25
LOAN0000319,APP0000618,CUST0000112,5313.67,9.03,48,2023-02-02,2027-02-02,Active,132.31
LOAN0000320,APP0000919,CUST0000394,30110.49,9.84,60,2024-04-22,2029-04-22,Active,637.39
LOAN0000321,APP0000551,CUST0000418,3854.21,6.71,24,2022-08-29,2024-08-28,Paid Off,172.06
LOAN0000322,APP0000657,CUST0000697,6587.41,9.93,24,2026-05-25,2028-05-24,Active,303.76
LOAN0000323,APP0001104,CUST0000103,2323.64,11.3,60,2024-06-30,2029-06-30,Defaulted,50.87
LOAN0000324,APP0001262,CUST0000425,2936.87,9.22,12,2025-06-25,2026-06-25,Paid Off,257.13
LOAN0000325,APP0001323,CUST0000206,61191.52,7.68,24,2025-07-20,2027-07-20,Active,2758.6
LOAN0000326,APP0000352,CUST0000348,15745.64,8.35,12,2024-12-17,2025-12-17,Paid Off,1372.24
LOAN0000327,APP0001152,CUST0000225,9009.11,6.63,48,2022-05-27,2026-05-27,Paid Off,214.19
LOAN0000328,APP0001192,CUST0000176,1201.89,16.73,48,2024-08-16,2028-08-16,Active,34.51
LOAN0000329,APP0000051,CUST0000886,48355.59,5.58,48,2022-09-06,2026-09-06,Active,1126.34
LOAN0000330,APP0000146,CUST0000949,40109.51,6.61,36,2026-08-02,2029-08-01,Active,1231.33
LOAN0000331,APP0001109,CUST0000879,2852.96,8.42,48,2023-04-05,2027-04-05,Delinquent,70.21
LOAN0000332,APP0001449,CUST0000127,2519.94,12.6,24,2023-03-06,2025-03-05,Paid Off,119.33
LOAN0000333,APP0000465,CUST0000449,21833.07,6.56,60,2023-03-10,2028-03-09,Active,427.8
LOAN0000334,APP0001292,CUST0000824,5867.1,10.26,84,2025-01-04,2032-01-04,Active,98.19
LOAN0000335,APP0000124,CUST0000661,4378.77,13.03,48,2025-10-04,2029-10-04,Active,117.54
LOAN0000336,APP0000838,CUST0000690,1649.44,9.63,36,2024-10-25,2027-10-25,Active,52.94
LOAN0000337,APP0001149,CUST0000035,9851.54,10.34,60,2023-08-27,2028-08-26,Active,210.97
LOAN0000338,APP0001153,CUST0000083,24322.81,6.35,24,2023-07-01,2025-06-30,Paid Off,1081.84
LOAN0000339,APP0000698,CUST0000384,2489.64,12.31,36,2023-03-24,2026-03-23,Paid Off,83.06
LOAN0000340,APP0000665,CUST0000532,24659.32,13.23,72,2025-09-22,2031-09-22,Active,498.01
LOAN0000341,APP0000232,CUST0000276,73678.79,11.0,24,2026-06-28,2028-06-27,Active,3434.01
LOAN0000342,APP0000356,CUST0000666,2223.0,11.2,24,2025-10-11,2027-10-11,Active,103.82
LOAN0000343,APP0001417,CUST0000618,115322.76,8.19,48,2022-11-03,2026-11-03,Active,2825.66
LOAN0000344,APP0000651,CUST0000304,2698.88,6.71,48,2026-07-07,2030-07-07,Active,64.27
LOAN0000345,APP0001389,CUST0000724,38351.9,6.33,48,2023-02-25,2027-02-25,Active,906.51
LOAN0000346,APP0000504,CUST0000988,4085.13,8.96,24,2023-02-04,2025-02-03,Paid Off,186.55
LOAN0000347,APP0001088,CUST0000702,55442.71,6.26,60,2024-12-01,2029-12-01,Active,1078.58
LOAN0000348,APP0000889,CUST0000228,3030.18,10.45,24,2022-11-13,2024-11-12,Paid Off,140.46
LOAN0000349,APP0000516,CUST0000776,22281.83,9.76,84,2025-04-09,2032-04-08,Active,367.15
LOAN0000350,APP0001255,CUST0000987,44446.37,6.15,24,2023-05-18,2025-05-17,Paid Off,1972.9
LOAN0000351,APP0000816,CUST0000434,10375.35,7.71,12,2022-04-01,2023-04-01,Paid Off,901.14
LOAN0000352,APP0001498,CUST0000034,6899.36,9.84,48,2026-03-27,2030-03-27,Active,174.46
LOAN0000353,APP0000973,CUST0000832,36484.59,8.94,24,2021-09-29,2023-09-29,Paid Off,1665.78
LOAN0000354,APP0001107,CUST0000677,4236.42,7.8,48,2024-07-11,2028-07-11,Active,103.03
LOAN0000355,APP0000931,CUST0000771,58069.26,7.44,24,2025-01-27,2027-01-27,Active,2611.51
LOAN0000356,APP0000020,CUST0000951,6506.98,9.5,36,2023-04-18,2026-04-17,Paid Off,208.44
LOAN0000357,APP0000330,CUST0000439,7630.71,6.98,24,2026-02-14,2028-02-14,Defaulted,341.58
LOAN0000358,APP0000819,CUST0000899,11538.08,9.32,36,2024-09-06,2027-09-06,Active,368.63
LOAN0000359,APP0001083,CUST0000161,24692.93,6.51,24,2026-02-01,2028-02-01,Active,1100.09
LOAN0000360,APP0000970,CUST0000875,503.4,16.23,36,2023-07-01,2026-06-30,Paid Off,17.76
LOAN0000361,APP0000315,CUST0000306,8995.1,9.59,24,2024-05-07,2026-05-07,Paid Off,413.38
LOAN0000362,APP0000835,CUST0000964,48153.7,,60,2023-01-23,2028-01-23,Active,924.47
LOAN0000363,APP0001167,CUST0000783,27922.74,12.69,60,2022-02-27,2027-02-27,Active,630.91
LOAN0000364,APP0001056,CUST0000322,1863.6,10.64,24,2023-11-03,2025-11-02,Paid Off,86.55
LOAN0000365,APP0000333,CUST0000603,92162.66,9.34,12,2026-04-03,2027-04-03,Active,8074.3
LOAN0000366,APP0000821,CUST0000111,7554.84,11.14,12,2023-02-09,2024-02-09,Paid Off,668.2
LOAN0000367,APP0000506,CUST0000236,18799.58,13.48,24,2025-07-19,2027-07-19,Active,898.01
LOAN0000368,APP0001459,CUST0000389,6299.59,11.32,36,2025-03-20,2028-03-19,Active,207.2
LOAN0000369,APP0001046,CUST0000699,27726.71,7.61,36,2022-10-19,2025-10-18,Paid Off,863.87
LOAN0000370,APP0000756,CUST0000869,49401.29,8.34,84,2023-04-28,2030-04-27,Delinquent,778.37
LOAN0000371,APP0000845,CUST0000522,67904.35,9.47,60,2021-12-05,2026-12-05,Delinquent,1425.12
LOAN0000372,APP0000667,CUST0000689,11714.08,8.8,12,2025-02-19,2026-02-19,Paid Off,1023.33
LOAN0000373,APP0000784,CUST0000783,22400.93,8.43,24,2024-03-26,2026-03-26,Paid Off,1017.53
LOAN0000374,APP0000121,CUST0000475,5681.86,8.49,12,2024-04-22,2025-04-22,Paid Off,495.54
LOAN0000375,APP0000673,CUST0000107,24954.92,7.34,24,2022-06-02,2024-06-01,Paid Off,1121.15
LOAN0000376,APP0000222,CUST0000064,42156.29,7.01,48,2026-06-28,2030-06-28,Active,1009.68
LOAN0000377,APP0000336,CUST0000186,7516.17,7.3,12,2021-11-19,2022-11-19,Paid Off,651.39
LOAN0000378,APP0001021,CUST0000321,18296.86,10.76,12,2024-02-10,2025-02-09,Paid Off,1615.06
LOAN0000379,APP0001015,CUST0000174,7782.28,7.41,24,2026-03-01,2028-02-29,Active,349.88
LOAN0000380,APP0000656,CUST0000036,28934.24,8.93,48,2024-03-28,2028-03-28,Active,719.07
LOAN0000381,APP0001320,CUST0000477,16312.05,5.79,12,2025-07-09,2026-07-09,Paid Off,1402.35
LOAN0000382,APP0001198,CUST0000508,28284.43,6.25,84,2024-07-01,2031-07-01,Active,416.59
LOAN0000383,APP0000038,CUST0000736,2633.53,8.44,36,2025-01-01,2028-01-01,Active,83.06
LOAN0000384,APP0001258,CUST0000497,2990.55,10.66,36,2025-03-30,2028-03-29,Active,97.43
LOAN0000385,APP0000387,CUST0000435,12136.79,10.55,36,2021-11-27,2024-11-26,Paid Off,394.76
LOAN0000386,APP0000812,CUST0000481,6122.55,9.96,48,2022-04-13,2026-04-13,Paid Off,155.17
LOAN0000387,APP0001341,CUST0000070,9246.44,6.65,36,2023-10-17,2026-10-16,Active,284.03
LOAN0000388,APP0001469,CUST0000135,39333.12,8.43,36,2023-01-11,2026-01-10,Paid Off,1240.37
LOAN0000389,APP0000216,CUST0000725,12376.99,8.27,36,2025-07-08,2028-07-07,Active,389.39
LOAN0000390,APP0001044,CUST0000310,11940.52,8.63,36,2023-07-24,2026-07-23,Paid Off,377.65
LOAN0000391,APP0001141,CUST0000702,32230.64,6.46,12,2026-05-10,2027-05-10,Delinquent,2780.8
LOAN0000392,APP0000196,CUST0000563,26226.62,8.23,48,2023-10-26,2027-10-26,Delinquent,643.1
LOAN0000393,APP0000001,CUST0000289,2784.31,-9.52,48,2026-07-21,2030-07-21,Active,69.98
LOAN0000394,APP0000132,CUST0000050,21314.83,12.47,48,2021-11-20,2025-11-20,Paid Off,566.23
LOAN0000395,APP0000809,CUST0000169,11608.02,5.63,84,2025-06-09,2032-06-08,Active,167.52
LOAN0000396,APP0000487,CUST0000533,21667.18,6.99,36,2025-06-11,2028-06-10,Active,668.92
LOAN0000397,APP0001495,CUST0000714,28944.4,7.47,72,2024-01-18,2030-01-17,Active,500.03
LOAN0000398,APP0001494,CUST0000546,17590.02,7.96,36,2026-05-29,2029-05-28,Active,550.88
LOAN0000399,APP0001304,CUST0000797,11725.96,9.52,36,2023-09-22,2026-09-21,Active,375.73
LOAN0000400,APP0000236,CUST0000250,2285.72,9.62,48,2026-08-25,2030-08-25,Active,57.56
LOAN0000401,APP0000084,CUST0000745,8078.06,9.9,24,2026-06-07,2028-06-06,Active,372.39
LOAN0000402,APP0000239,CUST0000072,3510.79,7.75,24,2024-11-01,2026-11-01,Active,158.38
LOAN0000403,APP0000991,CUST0000115,1653.77,11.67,48,2022-02-18,2026-02-18,Paid Off,43.28
LOAN0000404,APP0001454,CUST0000215,16499.69,11.54,12,2025-04-29,2026-04-29,Paid Off,1462.43
LOAN0000405,APP0001249,CUST0000584,30159.7,7.83,24,2026-05-04,2028-05-03,Active,1361.7
LOAN0000406,APP0000054,CUST0000519,9428.26,5.39,60,2023-11-08,2028-11-07,Active,179.61
LOAN0000407,APP0001096,CUST0000624,7831.46,9.3,36,2024-08-22,2027-08-22,Active,250.13
LOAN0000408,APP9448340,CUST0000493,118409.28,6.94,12,2025-04-21,2026-04-21,Paid Off,10242.29
LOAN0000409,APP0001106,CUST0000196,52241.0,6.74,12,2022-09-03,2023-09-03,Paid Off,4513.98
LOAN0000410,APP0001440,CUST0000712,40272.51,7.51,72,2022-05-17,2028-05-16,Active,696.51
LOAN0000411,APP0000437,CUST0000531,81035.12,6.09,84,2024-03-11,2031-03-11,Active,1187.31
LOAN0000412,APP0001138,CUST0000828,53881.76,8.06,48,2022-05-05,2026-05-05,Paid Off,1316.93
LOAN0000413,APP0001467,CUST0000242,11997.25,6.89,24,2025-10-19,2027-10-19,Active,536.55
LOAN0000414,APP0000087,CUST0000003,698.23,8.67,36,2025-02-10,2028-02-10,Active,22.1
LOAN0000415,APP0000226,CUST0000528,20484.9,10.04,36,2025-03-23,2028-03-22,Active,661.37
LOAN0000416,APP0000624,CUST0000611,912.58,14.78,60,2022-04-08,2027-04-08,Active,21.6
LOAN0000417,APP0001006,CUST0000487,500.0,16.68,48,2023-08-16,2027-08-16,Active,14.34
LOAN0000418,APP0000663,CUST0000918,4364.2,6.88,60,2022-01-10,2027-01-10,Active,86.17
LOAN0000419,APP0000406,CUST0000808,13551.91,10.64,36,2026-03-05,2029-03-04,Active,441.37
LOAN0000420,APP0000540,CUST0000602,43461.7,5.11,72,2026-08-09,2032-08-08,Delinquent,702.17
LOAN0000421,APP0001306,CUST0000034,82769.46,7.46,36,2025-07-14,2028-07-13,Active,2573.12
LOAN0000422,APP0000426,CUST0000388,12688.25,7.47,36,2022-06-14,2025-06-13,Paid Off,394.51
LOAN0000423,APP0001204,CUST0000564,1273.18,14.13,36,2024-02-21,2027-02-20,Active,43.59
LOAN0000424,APP0001186,CUST0000831,13075.52,5.93,48,2024-12-05,2028-12-05,Defaulted,306.66
LOAN0000425,APP0000585,CUST0000755,18039.64,11.91,72,2023-11-30,2029-11-29,Active,351.83
LOAN0000426,APP0000311,CUST0000297,11618.54,9.13,36,2021-12-15,2024-12-14,Paid Off,370.17
LOAN0000427,APP0000552,CUST0000568,18883.89,7.2,72,2026-06-13,2032-06-12,Active,323.77
LOAN0000428,APP0000035,CUST0000264,5415.3,,36,2025-08-04,2028-08-03,Active,182.59
LOAN0000429,APP0000755,CUST0000782,32459.21,7.65,36,2023-11-25,2026-11-24,Active,1011.92
LOAN0000430,APP0000099,CUST0000464,12687.41,11.76,36,2026-06-28,2029-06-27,Active,419.95
LOAN0000431,APP0001393,CUST0000662,1622.5,7.49,12,2024-06-09,2025-06-09,Paid Off,140.76
LOAN0000432,APP0000740,CUST0000070,13149.32,12.63,72,2024-03-25,2030-03-25,Active,261.4
LOAN0000433,APP0001228,CUST0000036,8279.54,8.38,12,2026-05-28,2027-05-28,Defaulted,721.68
LOAN0000434,APP0000186,CUST0000010,7629.36,7.42,36,2023-06-06,2026-06-05,Paid Off,237.04
LOAN0000435,APP0000555,CUST0000593,18967.28,7.86,24,2026-02-01,2028-02-01,Defaulted,856.63
LOAN0000436,APP0000220,CUST0000075,8319.05,10.62,60,2024-01-14,2029-01-13,Active,179.3
LOAN0000437,APP0000021,CUST0000668,31683.3,9.08,72,2025-06-17,2031-06-17,Active,572.37
LOAN0000438,APP0001367,CUST0000804,781.49,14.93,60,2026-03-09,2031-03-09,Active,18.56
LOAN0000439,APP0001208,CUST0000280,7022.97,6.86,36,2023-11-21,2026-11-20,Active,216.4
LOAN0000440,APP0000157,CUST0000395,17447.54,9.06,36,2022-07-23,2025-07-22,Paid Off,555.31
LOAN0000441,APP0000194,CUST0000705,49903.88,,24,2023-11-12,2025-11-11,Paid Off,2212.0
LOAN0000442,APP0000269,CUST0000745,12753.98,12.21,72,2022-12-04,2028-12-03,Active,250.74
LOAN0000443,APP0000080,CUST0000791,41308.52,8.76,24,2024-03-02,2026-03-02,Paid Off,1882.62
LOAN0000444,APP0000104,CUST0000147,11490.32,10.74,84,2025-10-03,2032-10-02,Active,195.17
LOAN0000445,APP0000710,CUST0000768,17622.35,10.18,60,2025-06-21,2030-06-21,Active,375.99
LOAN0000446,APP0000134,CUST0000045,6904.46,8.12,60,2026-06-09,2031-06-09,Active,140.39
LOAN0000447,APP0000989,CUST0000186,16848.05,9.09,60,2025-06-17,2030-06-17,Active,350.47
LOAN0000448,APP0001456,CUST0000906,11876.25,10.04,36,2026-08-24,2029-08-23,Active,383.44
LOAN0000449,APP0000950,CUST0000617,14484.38,9.51,36,2022-04-18,2025-04-17,Paid Off,464.05
LOAN0000450,APP0000276,CUST0000307,6716.73,-6.3,36,2023-05-03,2026-05-02,Paid Off,205.25
LOAN0000451,APP0001099,CUST0000882,7212.78,7.4,24,2022-11-19,2024-11-18,Paid Off,324.24
LOAN0000452,APP0000260,CUST0000389,23329.65,11.85,60,2024-11-07,2029-11-07,Active,517.19
LOAN0000453,APP0001311,CUST0000869,50090.57,6.88,36,2021-12-13,2024-12-12,Paid Off,1543.9
LOAN0000454,APP0000846,CUST0000926,101060.78,6.86,72,2025-03-02,2031-03-02,Active,1716.2
LOAN0000455,APP0001252,CUST0000819,17936.59,8.72,72,2026-04-03,2032-04-02,Defaulted,320.83
LOAN0000456,APP0000114,CUST0000220,4549.57,7.19,24,2022-08-06,2024-08-05,Paid Off,204.09
LOAN0000457,APP0000999,CUST0000181,16710.45,10.24,24,2024-08-26,2026-08-26,Delinquent,772.95
LOAN0000458,APP0001093,CUST0000426,4415.63,,36,2025-06-12,2028-06-11,Active,139.78
LOAN0000459,APP0000578,CUST0000783,3914.8,-11.34,24,2024-10-06,2026-10-06,Active,183.08
LOAN0000460,APP0001381,CUST0000560,6526.57,,60,2026-08-27,2031-08-27,Active,140.51
LOAN0000461,APP0000102,CUST0000893,548.78,15.1,60,2023-08-25,2028-08-24,Active,13.08
LOAN0000462,APP0001321,CUST0000397,30606.21,10.67,60,2024-03-30,2029-03-30,Defaulted,660.43
LOAN0000463,APP0000936,CUST0000684,12820.2,7.23,36,2022-04-01,2025-03-31,Paid Off,397.2
LOAN0000464,APP0000485,CUST0000434,-21608.25,7.02,72,2025-08-03,2031-08-03,Defaulted,368.61
LOAN0000465,APP0000842,CUST0000519,5140.46,6.16,48,2024-10-08,2028-10-08,Active,121.1
LOAN0000466,APP0000288,CUST0000967,1689.56,6.82,84,2025-01-29,2032-01-29,Active,25.35
LOAN0000467,APP0001032,CUST0000635,11495.92,6.6,60,2024-06-03,2029-06-03,Delinquent,225.47
LOAN0000468,APP0000457,CUST0000469,21575.57,6.14,60,2025-09-10,2030-09-10,Active,418.52
LOAN0000469,APP0000764,CUST0000772,734.69,14.58,24,2021-11-25,2023-11-25,Paid Off,35.48
LOAN0000470,APP0001444,CUST0000725,12480.57,6.12,60,2022-04-03,2027-04-03,Active,241.98
LOAN0000471,APP0000968,CUST0000761,3830.04,9.86,36,2024-10-05,2027-10-05,Active,123.33
LOAN0000472,APP0001085,CUST0000609,19892.94,12.58,36,2025-07-11,2028-07-10,Defaulted,666.25
LOAN0000473,APP0001171,CUST0000340,16800.29,8.32,36,2021-09-30,2024-09-29,Paid Off,528.94
LOAN0000474,APP0000446,CUST0000773,26226.51,10.63,36,2026-09-01,2029-08-31,Active,854.03
LOAN0000475,APP0001455,CUST0000608,13629.52,9.08,24,2026-07-28,2028-07-27,Active,623.16
LOAN0000476,APP0000271,CUST0000898,14238.25,7.84,24,2025-07-18,2027-07-18,Active,642.92
LOAN0000477,APP0000500,CUST0000436,644.85,13.4,60,2022-03-23,2027-03-23,Active,14.8
LOAN0000478,APP0001411,CUST0000586,15169.66,9.63,48,2024-07-16,2028-07-16,Active,382.05
LOAN0000479,APP0000844,CUST0000957,16463.35,,84,2025-08-01,2032-07-31,Active,284.06
LOAN0000480,APP0001166,CUST0000765,23873.45,10.89,60,2024-10-06,2029-10-06,Defaulted,517.76
LOAN0000481,APP0000952,CUST0000429,7300.99,7.47,36,2023-07-05,2026-07-04,Paid Off,227.01
LOAN0000482,APP0001205,CUST0000004,24500.35,3.95,60,2026-07-02,2031-07-02,Active,450.66
LOAN0000483,APP0000062,CUST0000418,7481.0,10.5,48,2022-12-05,2026-12-05,Active,191.54
LOAN0000484,APP0001354,CUST0000147,4079.67,11.09,36,2025-02-18,2028-02-18,Active,133.74
LOAN0000485,APP0001184,CUST0000678,8860.63,15.7,84,2022-12-01,2029-11-30,Delinquent,174.48
LOAN0000486,APP0000068,CUST0000898,9965.92,9.18,72,2025-12-12,2031-12-12,Active,180.53
LOAN0000487,APP0000928,CUST0000416,6591.09,12.53,24,2026-08-07,2028-08-06,Defaulted,311.9
LOAN0000488,APP0001500,CUST0000052,6284.39,10.73,60,2023-08-11,2023-08-10,Active,135.79
LOAN0000489,APP0000414,CUST0000219,38647.06,9.08,12,2024-02-25,2025-02-24,Paid Off,3381.18
LOAN0000490,APP0000690,CUST0000017,,10.74,72,2023-05-28,2029-05-27,Defaulted,265.48
LOAN0000491,APP0000242,CUST0000360,63813.49,5.47,48,2023-10-12,2027-10-12,Active,1483.2
LOAN0000492,APP0000118,CUST0000089,7416.11,11.88,24,2024-10-29,2026-10-29,Active,348.69
LOAN0000493,APP0001360,CUST0000307,25624.95,7.73,60,2021-12-20,2026-12-20,Active,516.28
LOAN0000494,APP0000608,CUST0000188,52349.99,7.94,48,2022-07-26,2026-07-26,Paid Off,1276.54
LOAN0000495,APP0000995,CUST0000046,4484.67,9.73,12,2025-11-11,2026-11-11,Defaulted,393.71
LOAN0000496,APP0000036,CUST0000211,22875.81,10.19,60,2024-12-28,2029-12-28,Active,488.18
LOAN0000497,APP0000870,CUST0000929,45701.75,6.35,60,2021-10-10,2026-10-10,Delinquent,891.0
LOAN0000498,APP0001293,CUST0000045,3785.15,10.0,36,2026-05-01,2029-04-30,Defaulted,122.14
LOAN0000499,APP0001257,CUST0000110,21172.75,8.58,60,2024-08-01,2029-08-01,Active,435.21
LOAN0000500,APP0000642,CUST0000918,2279.3,9.59,12,2024-02-14,2025-02-13,Paid Off,199.95
LOAN0000501,APP0000645,CUST0000055,24337.35,8.01,36,2024-07-05,2027-07-05,Active,762.76
LOAN0000502,APP0001478,CUST0000631,1473.44,7.67,48,2025-08-25,2029-08-25,Active,35.74
LOAN0000503,APP0000127,CUST0000314,13858.92,7.46,24,2024-12-17,2026-12-17,Active,623.39
LOAN0000504,APP0000804,CUST0000953,7202.14,8.88,36,2025-03-21,2028-03-20,Active,228.62
LOAN0000505,APP0001372,CUST0000062,2979.63,6.69,72,2023-02-17,2029-02-16,Defaulted,50.36
LOAN0000506,APP9152836,CUST0000630,10364.95,7.21,60,2024-10-12,2029-10-12,Active,206.27
LOAN0000507,APP0000712,CUST0000835,70969.67,8.05,48,2026-07-18,2030-07-18,Active,1734.24
LOAN0000508,APP0000861,CUST0000151,14595.97,8.53,48,2022-09-23,2026-09-23,Delinquent,359.97
LOAN0000509,APP0001329,CUST0000598,41641.42,5.03,72,2024-10-23,2030-10-23,Active,671.21
LOAN0000510,APP0000174,CUST0000702,53829.47,6.0,72,2025-04-22,2031-04-22,Active,892.11
LOAN0000511,APP0001326,CUST0000465,9613.94,,12,2025-09-17,2026-09-17,Active,839.55
LOAN0000512,APP0001070,CUST0000817,29352.75,7.69,36,2024-12-14,2027-12-14,Active,915.62
LOAN0000513,APP0001025,CUST0000621,14684.45,8.54,24,2023-08-01,2025-07-31,Paid Off,667.76
LOAN0000514,APP0000925,CUST0000224,14738.08,5.74,12,2022-03-21,2023-03-21,Paid Off,1266.69
LOAN0000515,APP0000958,CUST0000228,2745.52,10.41,36,2025-10-25,2028-10-24,Active,89.12
LOAN0000516,APP0000689,CUST0000138,6123.88,10.92,48,2025-12-07,2029-12-07,Active,158.04
LOAN0000517,APP0001385,CUST0000661,3316.32,12.18,60,2025-09-27,2030-09-27,Active,74.07
LOAN0000518,APP0000994,CUST0000585,103933.56,8.49,72,2026-01-18,2032-01-18,Active,1847.26
LOAN0000519,APP0000149,CUST0000619,4963.01,5.77,36,2021-11-23,2024-11-22,Paid Off,150.47
LOAN0000520,APP0000760,CUST0000697,5254.16,9.65,36,2022-02-13,2025-02-12,Paid Off,168.67
LOAN0000521,APP0001476,CUST0000273,30741.95,5.56,24,2024-09-01,2026-09-01,Active,1356.42
LOAN0000522,APP0000586,CUST0000507,42665.83,6.12,24,2024-01-03,2026-01-02,Paid Off,1893.28
LOAN0000523,APP0000524,CUST0000015,12300.43,9.83,24,2023-05-27,2025-05-26,Paid Off,566.64
LOAN0000524,APP0001080,CUST0000760,16410.33,15.47,84,2026-07-10,2033-07-09,Active,321.01
LOAN0000525,APP0001062,CUST0000266,24011.27,8.27,24,2026-01-16,2028-01-16,Active,1088.92
LOAN0000526,APP0001410,CUST0000184,16802.67,8.16,60,2024-04-26,2029-04-26,Delinquent,341.99
LOAN0000527,APP0000874,CUST0000770,14316.3,8.17,36,2024-06-22,2027-06-22,Active,449.74
LOAN0000528,APP0000900,CUST0000832,18451.38,6.35,48,2023-03-04,2027-03-04,Active,436.3
LOAN0000529,APP0000293,CUST0000838,31450.2,5.48,72,2023-08-24,2029-08-23,Delinquent,513.54
LOAN0000530,APP0001250,CUST0000028,9505.34,6.15,72,2025-02-22,2031-02-22,Active,158.2
LOAN0000531,APP0000338,CUST0000891,7265.58,12.71,24,2023-10-03,2025-10-02,Paid Off,344.43
LOAN0000532,APP0001491,CUST0000330,34333.76,12.37,72,2023-06-01,2029-05-31,Defaulted,677.86
LOAN0000533,APP0000817,CUST0000725,31869.25,9.39,24,2022-08-25,2024-08-24,Paid Off,1461.65
LOAN0000534,APP0001212,CUST0000170,3764.58,10.54,60,2025-05-07,2030-05-07,Active,80.99
LOAN0000535,APP0000635,CUST0000528,11697.0,,12,2023-01-26,2024-01-26,Paid Off,1034.18
LOAN0000536,APP0001047,CUST0000581,-10375.36,6.65,48,2022-05-17,2026-05-17,Paid Off,246.77
LOAN0000537,APP0000370,CUST0000611,1216.07,15.18,60,2026-01-04,2031-01-04,Active,29.05
LOAN0000538,APP0000344,CUST0000126,17541.25,8.52,60,2023-02-07,2028-02-07,Active,360.05
LOAN0000539,APP0001017,CUST0000693,9691.07,10.11,72,2023-06-03,2029-06-02,Active,180.07
LOAN0000540,APP0000234,CUST0000782,7029.36,6.74,36,2022-02-12,2025-02-11,Paid Off,216.21
LOAN0000541,APP0000320,CUST0000470,74419.06,7.45,72,2023-05-31,2029-05-30,Active,1284.91
LOAN0000542,APP0001281,CUST0000668,9155.05,7.92,36,2024-12-04,2027-12-04,Active,286.55
LOAN0000543,APP0000562,CUST0000901,,10.01,24,2025-05-26,2027-05-26,Active,2766.45
LOAN0000544,APP0000483,CUST0000897,12538.05,7.35,12,2024-08-05,2025-08-05,Paid Off,1086.9
LOAN0000545,APP0000108,CUST0000318,700.89,15.55,24,2025-03-26,2027-03-26,Active,34.17
LOAN0000546,APP0000382,CUST0000704,,5.5,24,2024-12-15,2026-12-15,Active,3568.57
LOAN0000547,APP0000170,CUST0000422,9777.66,9.26,48,2023-03-20,2027-03-20,Active,244.53
LOAN0000548,APP0000777,CUST0000347,10544.73,8.73,24,2023-03-30,2025-03-29,Paid Off,480.43
LOAN0000549,APP0000857,CUST0000293,6111.12,10.18,48,2025-01-01,2029-01-01,Active,155.52
LOAN0000550,APP0001159,CUST0000004,10489.0,6.25,24,2026-04-21,2028-04-20,Active,466.06
LOAN0000551,APP0000568,CUST0000153,62063.32,8.04,60,2025-10-22,2030-10-22,Active,1259.61
LOAN0000552,APP0001039,CUST0000084,54108.24,8.72,36,2026-05-03,2029-05-02,Delinquent,1713.59
LOAN0000553,APP0001275,CUST0000515,3249.04,12.11,36,2024-03-27,2027-03-27,Active,108.09
LOAN0000554,APP0000383,CUST0000181,1342.86,9.16,48,2024-10-15,2028-10-15,Active,33.52
LOAN0000555,APP0000929,CUST0000407,6523.88,6.5,72,2023-01-29,2029-01-28,Active,109.67
LOAN0000556,APP0001254,CUST0000773,4559.17,10.43,84,2021-09-20,2028-09-19,Active,76.7
LOAN0000557,APP0000459,CUST0000030,65842.81,6.27,36,2023-07-01,2026-06-30,Paid Off,2011.13
LOAN0000558,APP0000884,CUST0000843,6275.86,13.4,84,2023-10-23,2030-10-22,Delinquent,115.54
LOAN0000559,APP0000486,CUST0000824,6772.63,11.38,48,2023-02-28,2027-02-28,Active,176.29
LOAN0000560,APP0000880,CUST0000074,13646.84,5.78,72,2025-09-22,2031-09-22,Active,224.75
LOAN0000561,APP0000351,CUST0000864,29873.99,8.08,12,2026-07-31,2027-07-31,Active,2599.8
LOAN0000562,APP0001366,CUST0000102,21518.85,9.59,12,2022-10-06,2023-10-06,Paid Off,1887.75
LOAN0000563,APP0001169,CUST0000281,18637.19,6.63,12,2024-11-22,2025-11-22,Paid Off,1609.44
LOAN0000564,APP0000655,CUST0000695,23097.13,8.29,60,2022-12-14,2027-12-14,Active,471.54
LOAN0000565,APP0000106,CUST0000504,11877.32,11.16,24,2022-07-25,2024-07-24,Paid Off,554.46
LOAN0000566,APP0000418,CUST0000236,,11.42,24,2023-04-01,2025-03-31,Paid Off,205.31
LOAN0000567,APP0001395,CUST0000627,2882.89,10.22,48,2022-05-29,2026-05-29,Paid Off,73.42
LOAN0000568,APP0001263,CUST0000389,10665.65,15.11,84,2025-03-12,2032-03-11,Delinquent,206.47
LOAN0000569,APP0001174,CUST0000182,8060.6,10.41,48,2024-04-27,2028-04-27,Active,206.03
LOAN0000570,APP0000493,CUST0000530,19377.92,7.79,60,2024-11-26,2029-11-26,Active,390.97
LOAN0000571,APP0001098,CUST0000295,19450.87,11.9,24,2022-03-19,2024-03-18,Paid Off,914.71
LOAN0000572,APP0000996,CUST0000379,10355.11,11.46,72,2023-10-31,2029-10-30,Active,199.55
LOAN0000573,APP0000026,CUST0000880,10047.84,10.24,12,2025-05-21,2026-05-21,Paid Off,884.49
LOAN0000574,APP0000373,CUST0000356,65423.26,7.39,36,2022-03-03,2025-03-02,Paid Off,2031.77
LOAN0000575,APP0001472,CUST0000725,8606.18,6.74,36,2024-05-10,2027-05-10,Active,264.71
LOAN0000576,APP0000093,CUST0000001,7671.82,6.32,24,2024-01-03,2026-01-02,Paid Off,341.13
LOAN0000577,APP0000739,CUST0000268,1336.0,9.75,48,2021-11-26,2025-11-26,Paid Off,33.72
LOAN0000578,APP0000779,CUST0000916,13309.55,9.64,48,2021-12-31,2025-12-31,Paid Off,335.27
LOAN0000579,APP0001119,CUST0000002,10006.6,11.21,24,2022-07-27,2024-07-26,Paid Off,467.36
LOAN0000580,APP0000590,CUST0000130,60768.44,11.04,12,2024-06-14,2025-06-14,Paid Off,5371.95
LOAN0000581,APP0000125,CUST0000592,10522.91,10.52,12,2023-02-16,2024-02-16,Paid Off,927.68
LOAN0000582,APP0000009,CUST0000328,,9.03,12,2024-10-14,2025-10-14,Paid Off,2093.87
LOAN0000583,APP0000241,CUST0000516,46006.52,9.6,72,2021-12-27,2027-12-27,Active,843.06
LOAN0000584,APP0000319,CUST0000129,5030.74,13.16,48,2022-11-05,2026-11-05,Active,135.36
LOAN0000585,APP0001421,CUST0000929,60986.26,7.51,24,2026-04-16,2028-04-15,Active,2744.63
LOAN0000586,APP0001401,CUST0000121,9576.04,10.46,12,2022-06-04,2023-06-04,Paid Off,843.94
LOAN0000587,APP0001266,CUST0000313,12545.71,10.34,60,2023-01-23,2028-01-23,Active,268.66
LOAN0000588,APP0000648,CUST0000382,7564.46,-6.59,60,2022-06-29,2027-06-29,Active,148.33
LOAN0000589,APP0001256,CUST0000517,34887.57,8.01,72,2024-06-01,2030-06-01,Active,611.86
LOAN0000590,APP0000811,CUST0000731,9420.45,7.95,24,2025-03-05,2027-03-05,Active,425.85
LOAN0000591,APP0000598,CUST0000472,6226.58,14.96,48,2025-04-22,2029-04-22,Active,173.16
LOAN0000592,APP0000256,CUST0000786,21404.66,9.12,24,2024-03-04,2026-03-04,Paid Off,979.05
LOAN0000593,APP0000546,CUST0000684,15402.58,6.39,60,2023-08-10,2028-08-09,Active,300.58
LOAN0000594,APP0000129,CUST0000856,1503.81,6.51,36,2026-02-03,2029-02-02,Active,46.1
LOAN0000595,APP0001005,CUST0000910,6929.75,14.01,60,2025-08-29,2030-08-29,Active,161.28
LOAN0000596,APP0000173,CUST0000639,14448.53,7.01,12,2025-04-29,2026-04-29,Paid Off,1250.25
